prolificId,measure,value
545d6768fdf99b7f9fca24e3,browser,Chrome
545d6768fdf99b7f9fca24e3,age,22
545d6768fdf99b7f9fca24e3,degree,High School
545d6768fdf99b7f9fca24e3,sex,Male
545d6768fdf99b7f9fca24e3,visExperience,6
545d6768fdf99b7f9fca24e3,minutesOnTask,27.9
545d6768fdf99b7f9fca24e3,averageAccuracy,0.8166666666666667
546e3c21fdf99b2b8df983fd,browser,Chrome
546e3c21fdf99b2b8df983fd,age,27
546e3c21fdf99b2b8df983fd,degree,High School
546e3c21fdf99b2b8df983fd,sex,Male
546e3c21fdf99b2b8df983fd,visExperience,1
546e3c21fdf99b2b8df983fd,minutesOnTask,52.616666666666674
546e3c21fdf99b2b8df983fd,averageAccuracy,0.7972010943646118
5588d7a1fdf99b304ee56840,browser,Chrome
5588d7a1fdf99b304ee56840,age,23
5588d7a1fdf99b304ee56840,degree,Bachelors
5588d7a1fdf99b304ee56840,sex,Male
5588d7a1fdf99b304ee56840,visExperience,5
5588d7a1fdf99b304ee56840,minutesOnTask,29.316666666666666
5588d7a1fdf99b304ee56840,averageAccuracy,0.8666666666666667
55894f58fdf99b5ccca3c2f7,browser,Chrome
55894f58fdf99b5ccca3c2f7,age,25
55894f58fdf99b5ccca3c2f7,degree,Bachelors
55894f58fdf99b5ccca3c2f7,sex,Male
55894f58fdf99b5ccca3c2f7,visExperience,4
55894f58fdf99b5ccca3c2f7,minutesOnTask,50.333333333333336
55894f58fdf99b5ccca3c2f7,averageAccuracy,0.8666666666666667
558acd52fdf99b65685f03d9,browser,Chrome
558acd52fdf99b65685f03d9,age,28
558acd52fdf99b65685f03d9,degree,Other
558acd52fdf99b65685f03d9,sex,Female
558acd52fdf99b65685f03d9,visExperience,1
558acd52fdf99b65685f03d9,minutesOnTask,61.166666666666664
558acd52fdf99b65685f03d9,averageAccuracy,0.55
5591cd21fdf99b63126f6c60,browser,Chrome
5591cd21fdf99b63126f6c60,age,29
5591cd21fdf99b63126f6c60,degree,Bachelors
5591cd21fdf99b63126f6c60,sex,Male
5591cd21fdf99b63126f6c60,visExperience,3
5591cd21fdf99b63126f6c60,minutesOnTask,29.650000000000002
5591cd21fdf99b63126f6c60,averageAccuracy,0.6833120713913559
55d0d4b334e9060005e57470,browser,Firefox
55d0d4b334e9060005e57470,age,33
55d0d4b334e9060005e57470,degree,Bachelors
55d0d4b334e9060005e57470,sex,Female
55d0d4b334e9060005e57470,visExperience,3
55d0d4b334e9060005e57470,minutesOnTask,29.483333333333334
55d0d4b334e9060005e57470,averageAccuracy,0.9179531785785088
55e7b91341988f000575d6b5,browser,Chrome
55e7b91341988f000575d6b5,age,33
55e7b91341988f000575d6b5,degree,Masters
55e7b91341988f000575d6b5,sex,Female
55e7b91341988f000575d6b5,visExperience,3
55e7b91341988f000575d6b5,minutesOnTask,28.46666666666667
55e7b91341988f000575d6b5,averageAccuracy,0.65
55fc2b4377f33b000ecb21ed,browser,Chrome
55fc2b4377f33b000ecb21ed,age,33
55fc2b4377f33b000ecb21ed,degree,High School
55fc2b4377f33b000ecb21ed,sex,Male
55fc2b4377f33b000ecb21ed,visExperience,2
55fc2b4377f33b000ecb21ed,minutesOnTask,24.416666666666668
55fc2b4377f33b000ecb21ed,averageAccuracy,0.7
5609f723d7def20012b73f6e,browser,Chrome
5609f723d7def20012b73f6e,age,23
5609f723d7def20012b73f6e,degree,Bachelors
5609f723d7def20012b73f6e,sex,Male
5609f723d7def20012b73f6e,visExperience,7
5609f723d7def20012b73f6e,minutesOnTask,27.466666666666665
5609f723d7def20012b73f6e,averageAccuracy,0.6666666666666666
565248ccfea9c60012c5cc62,browser,Firefox
565248ccfea9c60012c5cc62,age,32
565248ccfea9c60012c5cc62,degree,Masters
565248ccfea9c60012c5cc62,sex,Male
565248ccfea9c60012c5cc62,visExperience,5
565248ccfea9c60012c5cc62,minutesOnTask,33.21666666666667
565248ccfea9c60012c5cc62,averageAccuracy,0.8966477526065778
566c9284d408ea000519c6d7,browser,Chrome
566c9284d408ea000519c6d7,age,30
566c9284d408ea000519c6d7,degree,Bachelors
566c9284d408ea000519c6d7,sex,Male
566c9284d408ea000519c6d7,visExperience,4
566c9284d408ea000519c6d7,minutesOnTask,29.5
566c9284d408ea000519c6d7,averageAccuracy,0.7166666666666667
568c67547374ad000cc7448c,browser,Chrome
568c67547374ad000cc7448c,age,37
568c67547374ad000cc7448c,degree,Bachelors
568c67547374ad000cc7448c,sex,Male
568c67547374ad000cc7448c,visExperience,3
568c67547374ad000cc7448c,minutesOnTask,34.333333333333336
568c67547374ad000cc7448c,averageAccuracy,0.8333333333333334
56b3edf12bac74000d89e452,browser,Chrome
56b3edf12bac74000d89e452,age,27
56b3edf12bac74000d89e452,degree,Bachelors
56b3edf12bac74000d89e452,sex,Female
56b3edf12bac74000d89e452,visExperience,4
56b3edf12bac74000d89e452,minutesOnTask,42.55
56b3edf12bac74000d89e452,averageAccuracy,0.7492882217468075
572f526c3c27e7000e0b8aaa,browser,Firefox
572f526c3c27e7000e0b8aaa,age,29
572f526c3c27e7000e0b8aaa,degree,Bachelors
572f526c3c27e7000e0b8aaa,sex,Male
572f526c3c27e7000e0b8aaa,visExperience,3
572f526c3c27e7000e0b8aaa,minutesOnTask,53.71666666666667
572f526c3c27e7000e0b8aaa,averageAccuracy,0.6333333333333333
574b79285e549100063c292e,browser,Chrome
574b79285e549100063c292e,age,36
574b79285e549100063c292e,degree,Masters
574b79285e549100063c292e,sex,Male
574b79285e549100063c292e,visExperience,4
574b79285e549100063c292e,minutesOnTask,51.449999999999996
574b79285e549100063c292e,averageAccuracy,0.8666666666666667
5754701bae3fc40006e1d950,browser,Chrome
5754701bae3fc40006e1d950,age,25
5754701bae3fc40006e1d950,degree,Bachelors
5754701bae3fc40006e1d950,sex,Male
5754701bae3fc40006e1d950,visExperience,4
5754701bae3fc40006e1d950,minutesOnTask,21.483333333333334
5754701bae3fc40006e1d950,averageAccuracy,0.7666666666666667
57703d9ee26bd40001ebf9e8,browser,Chrome
57703d9ee26bd40001ebf9e8,age,19
57703d9ee26bd40001ebf9e8,degree,High School
57703d9ee26bd40001ebf9e8,sex,Male
57703d9ee26bd40001ebf9e8,visExperience,6
57703d9ee26bd40001ebf9e8,minutesOnTask,19.266666666666666
57703d9ee26bd40001ebf9e8,averageAccuracy,0.9
57a344d28eccbc0001f39d60,browser,Chrome
57a344d28eccbc0001f39d60,age,23
57a344d28eccbc0001f39d60,degree,Bachelors
57a344d28eccbc0001f39d60,sex,Female
57a344d28eccbc0001f39d60,visExperience,5
57a344d28eccbc0001f39d60,minutesOnTask,29.9
57a344d28eccbc0001f39d60,averageAccuracy,0.7666666666666667
57a48845eeaf6d00018d62d7,browser,Chrome
57a48845eeaf6d00018d62d7,age,30
57a48845eeaf6d00018d62d7,degree,Bachelors
57a48845eeaf6d00018d62d7,sex,Female
57a48845eeaf6d00018d62d7,visExperience,3
57a48845eeaf6d00018d62d7,minutesOnTask,24.266666666666666
57a48845eeaf6d00018d62d7,averageAccuracy,0.6666666666666666
57b8e70f35624400013d690c,browser,Chrome
57b8e70f35624400013d690c,age,30
57b8e70f35624400013d690c,degree,Bachelors
57b8e70f35624400013d690c,sex,Female
57b8e70f35624400013d690c,visExperience,3
57b8e70f35624400013d690c,minutesOnTask,33.06666666666667
57b8e70f35624400013d690c,averageAccuracy,0.7333333333333333
57bedd51eb2a5400013425c4,browser,Chrome
57bedd51eb2a5400013425c4,age,56
57bedd51eb2a5400013425c4,degree,Unspecified
57bedd51eb2a5400013425c4,sex,Female
57bedd51eb2a5400013425c4,visExperience,4
57bedd51eb2a5400013425c4,minutesOnTask,34.71666666666667
57bedd51eb2a5400013425c4,averageAccuracy,0.8
57ca4b09993b08000192297b,browser,Chrome
57ca4b09993b08000192297b,age,25
57ca4b09993b08000192297b,degree,Bachelors
57ca4b09993b08000192297b,sex,Female
57ca4b09993b08000192297b,visExperience,5
57ca4b09993b08000192297b,minutesOnTask,51.46666666666667
57ca4b09993b08000192297b,averageAccuracy,0.8
57e7f6f7bcd7150001df7314,browser,Chrome
57e7f6f7bcd7150001df7314,age,18
57e7f6f7bcd7150001df7314,degree,High School
57e7f6f7bcd7150001df7314,sex,Male
57e7f6f7bcd7150001df7314,visExperience,1
57e7f6f7bcd7150001df7314,minutesOnTask,36.16666666666667
57e7f6f7bcd7150001df7314,averageAccuracy,0.8
57fefff657ee39000120e089,browser,Chrome
57fefff657ee39000120e089,age,30
57fefff657ee39000120e089,degree,Masters
57fefff657ee39000120e089,sex,Female
57fefff657ee39000120e089,visExperience,4
57fefff657ee39000120e089,minutesOnTask,27.516666666666666
57fefff657ee39000120e089,averageAccuracy,0.9333333333333333
581649f0b434f0000184d2a9,browser,Chrome
581649f0b434f0000184d2a9,age,26
581649f0b434f0000184d2a9,degree,Bachelors
581649f0b434f0000184d2a9,sex,Female
581649f0b434f0000184d2a9,visExperience,4
581649f0b434f0000184d2a9,minutesOnTask,54.28333333333333
581649f0b434f0000184d2a9,averageAccuracy,0.4666666666666667
58bcbadacedda800015fa498,browser,Chrome
58bcbadacedda800015fa498,age,21
58bcbadacedda800015fa498,degree,High School
58bcbadacedda800015fa498,sex,Male
58bcbadacedda800015fa498,visExperience,5
58bcbadacedda800015fa498,minutesOnTask,27.700000000000003
58bcbadacedda800015fa498,averageAccuracy,0.8333333333333334
58c84d506d1c600001a09319,browser,Chrome
58c84d506d1c600001a09319,age,25
58c84d506d1c600001a09319,degree,Bachelors
58c84d506d1c600001a09319,sex,Male
58c84d506d1c600001a09319,visExperience,1
58c84d506d1c600001a09319,minutesOnTask,33.61666666666667
58c84d506d1c600001a09319,averageAccuracy,0.3333333333333333
58cefdb030c4cf0001ceb3ac,browser,Chrome
58cefdb030c4cf0001ceb3ac,age,64
58cefdb030c4cf0001ceb3ac,degree,Bachelors
58cefdb030c4cf0001ceb3ac,sex,Female
58cefdb030c4cf0001ceb3ac,visExperience,4
58cefdb030c4cf0001ceb3ac,minutesOnTask,53.81666666666667
58cefdb030c4cf0001ceb3ac,averageAccuracy,0.8666666666666667
58d81a664240e5000118ff51,browser,Chrome
58d81a664240e5000118ff51,age,29
58d81a664240e5000118ff51,degree,Masters
58d81a664240e5000118ff51,sex,other
58d81a664240e5000118ff51,visExperience,1
58d81a664240e5000118ff51,minutesOnTask,39.75
58d81a664240e5000118ff51,averageAccuracy,0.7666666666666667
58e95834f3f183000171167a,browser,Chrome
58e95834f3f183000171167a,age,21
58e95834f3f183000171167a,degree,High School
58e95834f3f183000171167a,sex,Male
58e95834f3f183000171167a,visExperience,4
58e95834f3f183000171167a,minutesOnTask,32.36666666666666
58e95834f3f183000171167a,averageAccuracy,0.9333333333333333
5922db5cb43a8300015df898,browser,Chrome
5922db5cb43a8300015df898,age,37
5922db5cb43a8300015df898,degree,High School
5922db5cb43a8300015df898,sex,Female
5922db5cb43a8300015df898,visExperience,2
5922db5cb43a8300015df898,minutesOnTask,37.75
5922db5cb43a8300015df898,averageAccuracy,0.9166666666666666
59497b268bb5730001d4fe2f,browser,Chrome
59497b268bb5730001d4fe2f,age,31
59497b268bb5730001d4fe2f,degree,High School
59497b268bb5730001d4fe2f,sex,Female
59497b268bb5730001d4fe2f,visExperience,4
59497b268bb5730001d4fe2f,minutesOnTask,42.78333333333333
59497b268bb5730001d4fe2f,averageAccuracy,0.8666666666666667
5956738092b7c9000169389d,browser,Chrome
5956738092b7c9000169389d,age,33
5956738092b7c9000169389d,degree,Bachelors
5956738092b7c9000169389d,sex,Male
5956738092b7c9000169389d,visExperience,3
5956738092b7c9000169389d,minutesOnTask,37.166666666666664
5956738092b7c9000169389d,averageAccuracy,0.5666666666666667
596d9b437f8c1e00017cbb58,browser,Chrome
596d9b437f8c1e00017cbb58,age,51
596d9b437f8c1e00017cbb58,degree,Other
596d9b437f8c1e00017cbb58,sex,Female
596d9b437f8c1e00017cbb58,visExperience,2
596d9b437f8c1e00017cbb58,minutesOnTask,49.45
596d9b437f8c1e00017cbb58,averageAccuracy,0.8333333333333334
596f003434773e0001fc0d28,browser,Firefox
596f003434773e0001fc0d28,age,38
596f003434773e0001fc0d28,degree,Bachelors
596f003434773e0001fc0d28,sex,Female
596f003434773e0001fc0d28,visExperience,4
596f003434773e0001fc0d28,minutesOnTask,67.25
596f003434773e0001fc0d28,averageAccuracy,0.6
5973751522e11b0001f3edf3,browser,Chrome
5973751522e11b0001f3edf3,age,31
5973751522e11b0001f3edf3,degree,High School
5973751522e11b0001f3edf3,sex,Male
5973751522e11b0001f3edf3,visExperience,1
5973751522e11b0001f3edf3,minutesOnTask,38.1
5973751522e11b0001f3edf3,averageAccuracy,0.4666666666666667
5977e3867412f8000194e1fe,browser,Chrome
5977e3867412f8000194e1fe,age,40
5977e3867412f8000194e1fe,degree,Other
5977e3867412f8000194e1fe,sex,Male
5977e3867412f8000194e1fe,visExperience,6
5977e3867412f8000194e1fe,minutesOnTask,24.15
5977e3867412f8000194e1fe,averageAccuracy,0.6666666666666666
59789555a0b66b0001ea69ea,browser,Chrome
59789555a0b66b0001ea69ea,age,21
59789555a0b66b0001ea69ea,degree,Bachelors
59789555a0b66b0001ea69ea,sex,Male
59789555a0b66b0001ea69ea,visExperience,5
59789555a0b66b0001ea69ea,minutesOnTask,64.48333333333333
59789555a0b66b0001ea69ea,averageAccuracy,0.7333069401779501
5993020a5f49420001caf86b,browser,Chrome
5993020a5f49420001caf86b,age,50
5993020a5f49420001caf86b,degree,Bachelors
5993020a5f49420001caf86b,sex,Female
5993020a5f49420001caf86b,visExperience,4
5993020a5f49420001caf86b,minutesOnTask,57.483333333333334
5993020a5f49420001caf86b,averageAccuracy,0.6
59b141dac05bb50001eb3847,browser,Chrome
59b141dac05bb50001eb3847,age,20
59b141dac05bb50001eb3847,degree,Bachelors
59b141dac05bb50001eb3847,sex,Male
59b141dac05bb50001eb3847,visExperience,5
59b141dac05bb50001eb3847,minutesOnTask,30.183333333333334
59b141dac05bb50001eb3847,averageAccuracy,0.7166666666666667
59dc458f77860e000151240e,browser,Firefox
59dc458f77860e000151240e,age,36
59dc458f77860e000151240e,degree,High School
59dc458f77860e000151240e,sex,Male
59dc458f77860e000151240e,visExperience,3
59dc458f77860e000151240e,minutesOnTask,44.71666666666667
59dc458f77860e000151240e,averageAccuracy,0.8666666666666667
59f1de0177860e00015138fe,browser,Chrome
59f1de0177860e00015138fe,age,28
59f1de0177860e00015138fe,degree,High School
59f1de0177860e00015138fe,sex,Male
59f1de0177860e00015138fe,visExperience,4
59f1de0177860e00015138fe,minutesOnTask,21.966666666666665
59f1de0177860e00015138fe,averageAccuracy,0.8666666666666667
59fd6e89517dfb00013dacae,browser,Chrome
59fd6e89517dfb00013dacae,age,21
59fd6e89517dfb00013dacae,degree,High School
59fd6e89517dfb00013dacae,sex,Male
59fd6e89517dfb00013dacae,visExperience,3
59fd6e89517dfb00013dacae,minutesOnTask,40.11666666666667
59fd6e89517dfb00013dacae,averageAccuracy,0.6333333333333333
5a135875074b1900012527a9,browser,Chrome
5a135875074b1900012527a9,age,43
5a135875074b1900012527a9,degree,Bachelors
5a135875074b1900012527a9,sex,Female
5a135875074b1900012527a9,visExperience,2
5a135875074b1900012527a9,minutesOnTask,23.96666666666667
5a135875074b1900012527a9,averageAccuracy,0.6666666666666666
5a2420437413810001521dd6,browser,Chrome
5a2420437413810001521dd6,age,25
5a2420437413810001521dd6,degree,Masters
5a2420437413810001521dd6,sex,Male
5a2420437413810001521dd6,visExperience,3
5a2420437413810001521dd6,minutesOnTask,43.8
5a2420437413810001521dd6,averageAccuracy,0.8
5a6bb0dd3fb6420001c2fc2f,browser,Chrome
5a6bb0dd3fb6420001c2fc2f,age,24
5a6bb0dd3fb6420001c2fc2f,degree,Bachelors
5a6bb0dd3fb6420001c2fc2f,sex,Female
5a6bb0dd3fb6420001c2fc2f,visExperience,5
5a6bb0dd3fb6420001c2fc2f,minutesOnTask,21.21666666666667
5a6bb0dd3fb6420001c2fc2f,averageAccuracy,0.8333333333333334
5a79004d17ef350001701784,browser,Chrome
5a79004d17ef350001701784,age,23
5a79004d17ef350001701784,degree,Bachelors
5a79004d17ef350001701784,sex,Male
5a79004d17ef350001701784,visExperience,5
5a79004d17ef350001701784,minutesOnTask,25.1
5a79004d17ef350001701784,averageAccuracy,0.6666666666666666
5a84f454ae9a0b0001a9e4e5,browser,Chrome
5a84f454ae9a0b0001a9e4e5,age,43
5a84f454ae9a0b0001a9e4e5,degree,Bachelors
5a84f454ae9a0b0001a9e4e5,sex,Male
5a84f454ae9a0b0001a9e4e5,visExperience,5
5a84f454ae9a0b0001a9e4e5,minutesOnTask,49.78333333333333
5a84f454ae9a0b0001a9e4e5,averageAccuracy,0.8666666666666667
5a93c4c8873cda0001dc608e,browser,Chrome
5a93c4c8873cda0001dc608e,age,23
5a93c4c8873cda0001dc608e,degree,High School
5a93c4c8873cda0001dc608e,sex,Male
5a93c4c8873cda0001dc608e,visExperience,5
5a93c4c8873cda0001dc608e,minutesOnTask,22.266666666666666
5a93c4c8873cda0001dc608e,averageAccuracy,0.7859931141563627
5ac9c4415cd1050001626162,browser,Chrome
5ac9c4415cd1050001626162,age,29
5ac9c4415cd1050001626162,degree,Bachelors
5ac9c4415cd1050001626162,sex,Male
5ac9c4415cd1050001626162,visExperience,3
5ac9c4415cd1050001626162,minutesOnTask,49.53333333333333
5ac9c4415cd1050001626162,averageAccuracy,0.7333333333333333
5aca8df5436f550001000d03,browser,Chrome
5aca8df5436f550001000d03,age,46
5aca8df5436f550001000d03,degree,Bachelors
5aca8df5436f550001000d03,sex,Female
5aca8df5436f550001000d03,visExperience,4
5aca8df5436f550001000d03,minutesOnTask,42.91666666666667
5aca8df5436f550001000d03,averageAccuracy,0.8
5ace650a436f550001004f87,browser,Chrome
5ace650a436f550001004f87,age,27
5ace650a436f550001004f87,degree,High School
5ace650a436f550001004f87,sex,Female
5ace650a436f550001004f87,visExperience,2
5ace650a436f550001004f87,minutesOnTask,27.133333333333333
5ace650a436f550001004f87,averageAccuracy,0.7333333333333333
5ad4a1146e74be00014e59d7,browser,Chrome
5ad4a1146e74be00014e59d7,age,32
5ad4a1146e74be00014e59d7,degree,High School
5ad4a1146e74be00014e59d7,sex,Female
5ad4a1146e74be00014e59d7,visExperience,4
5ad4a1146e74be00014e59d7,minutesOnTask,29.366666666666667
5ad4a1146e74be00014e59d7,averageAccuracy,0.8333333333333334
5ae0b456dc323f0001635e0b,browser,Firefox
5ae0b456dc323f0001635e0b,age,36
5ae0b456dc323f0001635e0b,degree,High School
5ae0b456dc323f0001635e0b,sex,Male
5ae0b456dc323f0001635e0b,visExperience,3
5ae0b456dc323f0001635e0b,minutesOnTask,31.916666666666664
5ae0b456dc323f0001635e0b,averageAccuracy,0.8666666666666667
5ae25791af72e0000127b8f7,browser,Chrome
5ae25791af72e0000127b8f7,age,36
5ae25791af72e0000127b8f7,degree,High School
5ae25791af72e0000127b8f7,sex,Female
5ae25791af72e0000127b8f7,visExperience,3
5ae25791af72e0000127b8f7,minutesOnTask,64.18333333333334
5ae25791af72e0000127b8f7,averageAccuracy,0.6
5b044a6d72815200013eba92,browser,Firefox
5b044a6d72815200013eba92,age,32
5b044a6d72815200013eba92,degree,Bachelors
5b044a6d72815200013eba92,sex,Male
5b044a6d72815200013eba92,visExperience,5
5b044a6d72815200013eba92,minutesOnTask,62.61666666666667
5b044a6d72815200013eba92,averageAccuracy,0.8
5b0c4bbb1e55760001b96b8a,browser,Chrome
5b0c4bbb1e55760001b96b8a,age,23
5b0c4bbb1e55760001b96b8a,degree,Masters
5b0c4bbb1e55760001b96b8a,sex,Male
5b0c4bbb1e55760001b96b8a,visExperience,5
5b0c4bbb1e55760001b96b8a,minutesOnTask,38.25
5b0c4bbb1e55760001b96b8a,averageAccuracy,0.6935532872245689
5b1087bce9270900013c1730,browser,Chrome
5b1087bce9270900013c1730,age,31
5b1087bce9270900013c1730,degree,PhD
5b1087bce9270900013c1730,sex,Female
5b1087bce9270900013c1730,visExperience,7
5b1087bce9270900013c1730,minutesOnTask,55.46666666666667
5b1087bce9270900013c1730,averageAccuracy,0.9333333333333333
5b222aff59f9620001c109cb,browser,Chrome
5b222aff59f9620001c109cb,age,26
5b222aff59f9620001c109cb,degree,Bachelors
5b222aff59f9620001c109cb,sex,Male
5b222aff59f9620001c109cb,visExperience,5
5b222aff59f9620001c109cb,minutesOnTask,43.483333333333334
5b222aff59f9620001c109cb,averageAccuracy,0.7166666666666667
5b2cc2b57297750001c7a833,browser,Chrome
5b2cc2b57297750001c7a833,age,21
5b2cc2b57297750001c7a833,degree,Bachelors
5b2cc2b57297750001c7a833,sex,Female
5b2cc2b57297750001c7a833,visExperience,5
5b2cc2b57297750001c7a833,minutesOnTask,36.05
5b2cc2b57297750001c7a833,averageAccuracy,0.8333333333333334
5b2d6013d143660001cc3dd1,browser,Firefox
5b2d6013d143660001cc3dd1,age,34
5b2d6013d143660001cc3dd1,degree,Bachelors
5b2d6013d143660001cc3dd1,sex,Female
5b2d6013d143660001cc3dd1,visExperience,4
5b2d6013d143660001cc3dd1,minutesOnTask,54.61666666666666
5b2d6013d143660001cc3dd1,averageAccuracy,0.6977216567424848
5b48f2d0ff7497000125165e,browser,Chrome
5b48f2d0ff7497000125165e,age,28
5b48f2d0ff7497000125165e,degree,Bachelors
5b48f2d0ff7497000125165e,sex,Male
5b48f2d0ff7497000125165e,visExperience,6
5b48f2d0ff7497000125165e,minutesOnTask,24.166666666666664
5b48f2d0ff7497000125165e,averageAccuracy,0.7
5b4979dfd4c93b00019bfd88,browser,Safari
5b4979dfd4c93b00019bfd88,age,27
5b4979dfd4c93b00019bfd88,degree,Bachelors
5b4979dfd4c93b00019bfd88,sex,Female
5b4979dfd4c93b00019bfd88,visExperience,6
5b4979dfd4c93b00019bfd88,minutesOnTask,68.35000000000001
5b4979dfd4c93b00019bfd88,averageAccuracy,0.6
5b582035e62cbe000197d570,browser,Chrome
5b582035e62cbe000197d570,age,31
5b582035e62cbe000197d570,degree,Other
5b582035e62cbe000197d570,sex,Male
5b582035e62cbe000197d570,visExperience,4
5b582035e62cbe000197d570,minutesOnTask,58.55
5b582035e62cbe000197d570,averageAccuracy,0.6166666666666667
5b63964f2696a70001ef51d3,browser,Chrome
5b63964f2696a70001ef51d3,age,21
5b63964f2696a70001ef51d3,degree,Bachelors
5b63964f2696a70001ef51d3,sex,Female
5b63964f2696a70001ef51d3,visExperience,4
5b63964f2696a70001ef51d3,minutesOnTask,53.416666666666664
5b63964f2696a70001ef51d3,averageAccuracy,0.7833333333333333
5b84a7ea4f38790001778d53,browser,Chrome
5b84a7ea4f38790001778d53,age,26
5b84a7ea4f38790001778d53,degree,Masters
5b84a7ea4f38790001778d53,sex,Male
5b84a7ea4f38790001778d53,visExperience,6
5b84a7ea4f38790001778d53,minutesOnTask,43.6
5b84a7ea4f38790001778d53,averageAccuracy,0.8
5b84c2a21e35f00001743866,browser,Firefox
5b84c2a21e35f00001743866,age,23
5b84c2a21e35f00001743866,degree,Bachelors
5b84c2a21e35f00001743866,sex,other
5b84c2a21e35f00001743866,visExperience,7
5b84c2a21e35f00001743866,minutesOnTask,53.166666666666664
5b84c2a21e35f00001743866,averageAccuracy,0.5807426271843069
5b8772eacf366b00015e7795,browser,Chrome
5b8772eacf366b00015e7795,age,23
5b8772eacf366b00015e7795,degree,High School
5b8772eacf366b00015e7795,sex,Male
5b8772eacf366b00015e7795,visExperience,5
5b8772eacf366b00015e7795,minutesOnTask,56.9
5b8772eacf366b00015e7795,averageAccuracy,0.8666666666666667
5b8e01754457e80001f2ea75,browser,Chrome
5b8e01754457e80001f2ea75,age,26
5b8e01754457e80001f2ea75,degree,Bachelors
5b8e01754457e80001f2ea75,sex,Male
5b8e01754457e80001f2ea75,visExperience,3
5b8e01754457e80001f2ea75,minutesOnTask,47.61666666666667
5b8e01754457e80001f2ea75,averageAccuracy,0.9333333333333333
5b9081da3e7f4700014685da,browser,Chrome
5b9081da3e7f4700014685da,age,21
5b9081da3e7f4700014685da,degree,High School
5b9081da3e7f4700014685da,sex,Female
5b9081da3e7f4700014685da,visExperience,4
5b9081da3e7f4700014685da,minutesOnTask,25.016666666666666
5b9081da3e7f4700014685da,averageAccuracy,0.7
5b90bf1a42e93f00017cc9e9,browser,Firefox
5b90bf1a42e93f00017cc9e9,age,28
5b90bf1a42e93f00017cc9e9,degree,Bachelors
5b90bf1a42e93f00017cc9e9,sex,Male
5b90bf1a42e93f00017cc9e9,visExperience,6
5b90bf1a42e93f00017cc9e9,minutesOnTask,22.833333333333332
5b90bf1a42e93f00017cc9e9,averageAccuracy,0.8666666666666667
5b97f8988ae8150001c7a887,browser,Chrome
5b97f8988ae8150001c7a887,age,41
5b97f8988ae8150001c7a887,degree,Bachelors
5b97f8988ae8150001c7a887,sex,Male
5b97f8988ae8150001c7a887,visExperience,3
5b97f8988ae8150001c7a887,minutesOnTask,45.43333333333333
5b97f8988ae8150001c7a887,averageAccuracy,0.8
5b986afa4cac420001e389ea,browser,Chrome
5b986afa4cac420001e389ea,age,29
5b986afa4cac420001e389ea,degree,High School
5b986afa4cac420001e389ea,sex,Male
5b986afa4cac420001e389ea,visExperience,4
5b986afa4cac420001e389ea,minutesOnTask,49.583333333333336
5b986afa4cac420001e389ea,averageAccuracy,0.6333333333333333
5b99bd4d8207940001a0a62a,browser,Chrome
5b99bd4d8207940001a0a62a,age,20
5b99bd4d8207940001a0a62a,degree,High School
5b99bd4d8207940001a0a62a,sex,Female
5b99bd4d8207940001a0a62a,visExperience,5
5b99bd4d8207940001a0a62a,minutesOnTask,32.63333333333333
5b99bd4d8207940001a0a62a,averageAccuracy,0.8333333333333334
5ba1387c2000c10001b71649,browser,Chrome
5ba1387c2000c10001b71649,age,22
5ba1387c2000c10001b71649,degree,High School
5ba1387c2000c10001b71649,sex,Male
5ba1387c2000c10001b71649,visExperience,1
5ba1387c2000c10001b71649,minutesOnTask,33.516666666666666
5ba1387c2000c10001b71649,averageAccuracy,0.7833333333333333
5ba1beaecc5dd00001673e39,browser,Chrome
5ba1beaecc5dd00001673e39,age,40
5ba1beaecc5dd00001673e39,degree,Masters
5ba1beaecc5dd00001673e39,sex,Male
5ba1beaecc5dd00001673e39,visExperience,3
5ba1beaecc5dd00001673e39,minutesOnTask,33.4
5ba1beaecc5dd00001673e39,averageAccuracy,0.9333333333333333
5ba81e70c2358e0001d27708,browser,Chrome
5ba81e70c2358e0001d27708,age,23
5ba81e70c2358e0001d27708,degree,Masters
5ba81e70c2358e0001d27708,sex,Male
5ba81e70c2358e0001d27708,visExperience,4
5ba81e70c2358e0001d27708,minutesOnTask,35.766666666666666
5ba81e70c2358e0001d27708,averageAccuracy,0.8
5ba85e7eb3b5400001ce044e,browser,Firefox
5ba85e7eb3b5400001ce044e,age,32
5ba85e7eb3b5400001ce044e,degree,Masters
5ba85e7eb3b5400001ce044e,sex,Female
5ba85e7eb3b5400001ce044e,visExperience,6
5ba85e7eb3b5400001ce044e,minutesOnTask,56.3
5ba85e7eb3b5400001ce044e,averageAccuracy,0.9478390354791888
5ba8a1d2c16a9c0001497a21,browser,Chrome
5ba8a1d2c16a9c0001497a21,age,27
5ba8a1d2c16a9c0001497a21,degree,Masters
5ba8a1d2c16a9c0001497a21,sex,Male
5ba8a1d2c16a9c0001497a21,visExperience,5
5ba8a1d2c16a9c0001497a21,minutesOnTask,28.716666666666665
5ba8a1d2c16a9c0001497a21,averageAccuracy,0.9333333333333333
5ba9a99738803d00012729de,browser,Chrome
5ba9a99738803d00012729de,age,23
5ba9a99738803d00012729de,degree,Bachelors
5ba9a99738803d00012729de,sex,Female
5ba9a99738803d00012729de,visExperience,4
5ba9a99738803d00012729de,minutesOnTask,50.16666666666667
5ba9a99738803d00012729de,averageAccuracy,0.85
5bad60642259980001c84ccf,browser,Chrome
5bad60642259980001c84ccf,age,26
5bad60642259980001c84ccf,degree,High School
5bad60642259980001c84ccf,sex,Male
5bad60642259980001c84ccf,visExperience,1
5bad60642259980001c84ccf,minutesOnTask,28.116666666666667
5bad60642259980001c84ccf,averageAccuracy,0.8
5bafd12a70f8df0001be84a7,browser,Chrome
5bafd12a70f8df0001be84a7,age,30
5bafd12a70f8df0001be84a7,degree,Masters
5bafd12a70f8df0001be84a7,sex,Male
5bafd12a70f8df0001be84a7,visExperience,5
5bafd12a70f8df0001be84a7,minutesOnTask,63.06666666666667
5bafd12a70f8df0001be84a7,averageAccuracy,0.5666666666666667
5bb279805a4ee80001c39a8c,browser,Chrome
5bb279805a4ee80001c39a8c,age,20
5bb279805a4ee80001c39a8c,degree,High School
5bb279805a4ee80001c39a8c,sex,Male
5bb279805a4ee80001c39a8c,visExperience,1
5bb279805a4ee80001c39a8c,minutesOnTask,41.150000000000006
5bb279805a4ee80001c39a8c,averageAccuracy,0.4963315263972383
5bb4212e78330e000177ef69,browser,Chrome
5bb4212e78330e000177ef69,age,39
5bb4212e78330e000177ef69,degree,Bachelors
5bb4212e78330e000177ef69,sex,Male
5bb4212e78330e000177ef69,visExperience,1
5bb4212e78330e000177ef69,minutesOnTask,59.25
5bb4212e78330e000177ef69,averageAccuracy,0.6833333333333333
5bc26a0ea9070700012212e8,browser,Chrome
5bc26a0ea9070700012212e8,age,30
5bc26a0ea9070700012212e8,degree,PhD
5bc26a0ea9070700012212e8,sex,Female
5bc26a0ea9070700012212e8,visExperience,3
5bc26a0ea9070700012212e8,minutesOnTask,31.766666666666666
5bc26a0ea9070700012212e8,averageAccuracy,0.6980301059044004
5bc546d2614ed50001e678ea,browser,Firefox
5bc546d2614ed50001e678ea,age,19
5bc546d2614ed50001e678ea,degree,High School
5bc546d2614ed50001e678ea,sex,Male
5bc546d2614ed50001e678ea,visExperience,3
5bc546d2614ed50001e678ea,minutesOnTask,27.516666666666666
5bc546d2614ed50001e678ea,averageAccuracy,0.8790283933102451
5bd1b30a65466500010241de,browser,Chrome
5bd1b30a65466500010241de,age,25
5bd1b30a65466500010241de,degree,High School
5bd1b30a65466500010241de,sex,Female
5bd1b30a65466500010241de,visExperience,4
5bd1b30a65466500010241de,minutesOnTask,26.516666666666666
5bd1b30a65466500010241de,averageAccuracy,0.6666666666666666
5bd869bf92162c00019c1a54,browser,Chrome
5bd869bf92162c00019c1a54,age,20
5bd869bf92162c00019c1a54,degree,High School
5bd869bf92162c00019c1a54,sex,Male
5bd869bf92162c00019c1a54,visExperience,4
5bd869bf92162c00019c1a54,minutesOnTask,26.75
5bd869bf92162c00019c1a54,averageAccuracy,0.8092288805000808
5be094f99da2d300010c8f62,browser,Chrome
5be094f99da2d300010c8f62,age,39
5be094f99da2d300010c8f62,degree,Bachelors
5be094f99da2d300010c8f62,sex,Male
5be094f99da2d300010c8f62,visExperience,3
5be094f99da2d300010c8f62,minutesOnTask,75.93333333333334
5be094f99da2d300010c8f62,averageAccuracy,0.8
5be26958056ebf0001be62eb,browser,Chrome
5be26958056ebf0001be62eb,age,20
5be26958056ebf0001be62eb,degree,High School
5be26958056ebf0001be62eb,sex,Male
5be26958056ebf0001be62eb,visExperience,4
5be26958056ebf0001be62eb,minutesOnTask,27.616666666666667
5be26958056ebf0001be62eb,averageAccuracy,0.5333333333333333
5be87e33a14b540001aa2ea5,browser,Chrome
5be87e33a14b540001aa2ea5,age,28
5be87e33a14b540001aa2ea5,degree,Other
5be87e33a14b540001aa2ea5,sex,Female
5be87e33a14b540001aa2ea5,visExperience,3
5be87e33a14b540001aa2ea5,minutesOnTask,31.233333333333334
5be87e33a14b540001aa2ea5,averageAccuracy,0.8165002406046754
5bec51ea73b744000158e6e3,browser,Chrome
5bec51ea73b744000158e6e3,age,51
5bec51ea73b744000158e6e3,degree,High School
5bec51ea73b744000158e6e3,sex,Male
5bec51ea73b744000158e6e3,visExperience,4
5bec51ea73b744000158e6e3,minutesOnTask,45.96666666666667
5bec51ea73b744000158e6e3,averageAccuracy,0.6792115834120999
5bf0c387f4d94900011c8d7e,browser,Chrome
5bf0c387f4d94900011c8d7e,age,52
5bf0c387f4d94900011c8d7e,degree,PhD
5bf0c387f4d94900011c8d7e,sex,Male
5bf0c387f4d94900011c8d7e,visExperience,3
5bf0c387f4d94900011c8d7e,minutesOnTask,56.68333333333333
5bf0c387f4d94900011c8d7e,averageAccuracy,0.7492853148431015
5bf3761862e1bc0001f15cb2,browser,Chrome
5bf3761862e1bc0001f15cb2,age,36
5bf3761862e1bc0001f15cb2,degree,Unspecified
5bf3761862e1bc0001f15cb2,sex,Male
5bf3761862e1bc0001f15cb2,visExperience,3
5bf3761862e1bc0001f15cb2,minutesOnTask,34.983333333333334
5bf3761862e1bc0001f15cb2,averageAccuracy,0.9166666666666666
5bf7511b0b616400019c7415,browser,Firefox
5bf7511b0b616400019c7415,age,41
5bf7511b0b616400019c7415,degree,Masters
5bf7511b0b616400019c7415,sex,Male
5bf7511b0b616400019c7415,visExperience,2
5bf7511b0b616400019c7415,minutesOnTask,33.68333333333334
5bf7511b0b616400019c7415,averageAccuracy,0.6261504747355553
5bf85ab2f2210900011995fc,browser,Firefox
5bf85ab2f2210900011995fc,age,24
5bf85ab2f2210900011995fc,degree,Bachelors
5bf85ab2f2210900011995fc,sex,Male
5bf85ab2f2210900011995fc,visExperience,3
5bf85ab2f2210900011995fc,minutesOnTask,23.4
5bf85ab2f2210900011995fc,averageAccuracy,0.9
5bfbf8f326e31d000104a6d3,browser,Chrome
5bfbf8f326e31d000104a6d3,age,21
5bfbf8f326e31d000104a6d3,degree,Bachelors
5bfbf8f326e31d000104a6d3,sex,Male
5bfbf8f326e31d000104a6d3,visExperience,1
5bfbf8f326e31d000104a6d3,minutesOnTask,32.166666666666664
5bfbf8f326e31d000104a6d3,averageAccuracy,0.3333333333333333
5bfd81fb2feab400014d9060,browser,Chrome
5bfd81fb2feab400014d9060,age,45
5bfd81fb2feab400014d9060,degree,Bachelors
5bfd81fb2feab400014d9060,sex,Male
5bfd81fb2feab400014d9060,visExperience,4
5bfd81fb2feab400014d9060,minutesOnTask,33.333333333333336
5bfd81fb2feab400014d9060,averageAccuracy,0.7333333333333333
5bfda58206c0910001be3d14,browser,Chrome
5bfda58206c0910001be3d14,age,23
5bfda58206c0910001be3d14,degree,High School
5bfda58206c0910001be3d14,sex,Male
5bfda58206c0910001be3d14,visExperience,4
5bfda58206c0910001be3d14,minutesOnTask,34.95
5bfda58206c0910001be3d14,averageAccuracy,0.8333333333333334
5c006fd6d5b5b60001318dd8,browser,Chrome
5c006fd6d5b5b60001318dd8,age,22
5c006fd6d5b5b60001318dd8,degree,Bachelors
5c006fd6d5b5b60001318dd8,sex,Female
5c006fd6d5b5b60001318dd8,visExperience,3
5c006fd6d5b5b60001318dd8,minutesOnTask,38.88333333333333
5c006fd6d5b5b60001318dd8,averageAccuracy,0.5166666666666667
5c029ef655614800012b1c7e,browser,Chrome
5c029ef655614800012b1c7e,age,23
5c029ef655614800012b1c7e,degree,Bachelors
5c029ef655614800012b1c7e,sex,Male
5c029ef655614800012b1c7e,visExperience,3
5c029ef655614800012b1c7e,minutesOnTask,44.083333333333336
5c029ef655614800012b1c7e,averageAccuracy,0.8666666666666667
5c0333c84e1b7b00016a83fd,browser,Chrome
5c0333c84e1b7b00016a83fd,age,20
5c0333c84e1b7b00016a83fd,degree,High School
5c0333c84e1b7b00016a83fd,sex,Male
5c0333c84e1b7b00016a83fd,visExperience,4
5c0333c84e1b7b00016a83fd,minutesOnTask,43.983333333333334
5c0333c84e1b7b00016a83fd,averageAccuracy,0.8657367100595754
5c06b3f64a2b7b0001c3c185,browser,Chrome
5c06b3f64a2b7b0001c3c185,age,34
5c06b3f64a2b7b0001c3c185,degree,Bachelors
5c06b3f64a2b7b0001c3c185,sex,Female
5c06b3f64a2b7b0001c3c185,visExperience,4
5c06b3f64a2b7b0001c3c185,minutesOnTask,41.31666666666667
5c06b3f64a2b7b0001c3c185,averageAccuracy,0.9499937716459492
5c071ea87967600001637beb,browser,Chrome
5c071ea87967600001637beb,age,30
5c071ea87967600001637beb,degree,Bachelors
5c071ea87967600001637beb,sex,Female
5c071ea87967600001637beb,visExperience,6
5c071ea87967600001637beb,minutesOnTask,41.16666666666667
5c071ea87967600001637beb,averageAccuracy,0.7666666666666667
5c0e2e9e26085900013a6b07,browser,Chrome
5c0e2e9e26085900013a6b07,age,28
5c0e2e9e26085900013a6b07,degree,Bachelors
5c0e2e9e26085900013a6b07,sex,Male
5c0e2e9e26085900013a6b07,visExperience,3
5c0e2e9e26085900013a6b07,minutesOnTask,55.36666666666667
5c0e2e9e26085900013a6b07,averageAccuracy,0.7333333333333333
5c0f111d52bf070001d27721,browser,Chrome
5c0f111d52bf070001d27721,age,20
5c0f111d52bf070001d27721,degree,High School
5c0f111d52bf070001d27721,sex,Male
5c0f111d52bf070001d27721,visExperience,7
5c0f111d52bf070001d27721,minutesOnTask,34.25
5c0f111d52bf070001d27721,averageAccuracy,0.8833865763633482
5c1053202b16ba0001c86317,browser,Chrome
5c1053202b16ba0001c86317,age,34
5c1053202b16ba0001c86317,degree,Bachelors
5c1053202b16ba0001c86317,sex,Male
5c1053202b16ba0001c86317,visExperience,1
5c1053202b16ba0001c86317,minutesOnTask,30.166666666666668
5c1053202b16ba0001c86317,averageAccuracy,0.6666666666666666
5c10a81511fe9a00013ce2ae,browser,Firefox
5c10a81511fe9a00013ce2ae,age,57
5c10a81511fe9a00013ce2ae,degree,Bachelors
5c10a81511fe9a00013ce2ae,sex,Male
5c10a81511fe9a00013ce2ae,visExperience,4
5c10a81511fe9a00013ce2ae,minutesOnTask,17.55
5c10a81511fe9a00013ce2ae,averageAccuracy,0.7666666666666667
5c1c157f77936700018284b7,browser,Chrome
5c1c157f77936700018284b7,age,32
5c1c157f77936700018284b7,degree,Bachelors
5c1c157f77936700018284b7,sex,Female
5c1c157f77936700018284b7,visExperience,4
5c1c157f77936700018284b7,minutesOnTask,35.9
5c1c157f77936700018284b7,averageAccuracy,0.9333333333333333
5c1ea6c7fd66f5000182f61b,browser,Chrome
5c1ea6c7fd66f5000182f61b,age,25
5c1ea6c7fd66f5000182f61b,degree,Masters
5c1ea6c7fd66f5000182f61b,sex,Male
5c1ea6c7fd66f5000182f61b,visExperience,5
5c1ea6c7fd66f5000182f61b,minutesOnTask,33.21666666666667
5c1ea6c7fd66f5000182f61b,averageAccuracy,0.8812952217345302
5c1fa4312c45d40001479abf,browser,Chrome
5c1fa4312c45d40001479abf,age,23
5c1fa4312c45d40001479abf,degree,High School
5c1fa4312c45d40001479abf,sex,Male
5c1fa4312c45d40001479abf,visExperience,6
5c1fa4312c45d40001479abf,minutesOnTask,22.833333333333332
5c1fa4312c45d40001479abf,averageAccuracy,0.9333333333333333
5c23396210677f0001dae38b,browser,Firefox
5c23396210677f0001dae38b,age,20
5c23396210677f0001dae38b,degree,High School
5c23396210677f0001dae38b,sex,Male
5c23396210677f0001dae38b,visExperience,6
5c23396210677f0001dae38b,minutesOnTask,59.4
5c23396210677f0001dae38b,averageAccuracy,0.6832687137998615
5c258d9a3217420001e6bdf4,browser,Chrome
5c258d9a3217420001e6bdf4,age,36
5c258d9a3217420001e6bdf4,degree,High School
5c258d9a3217420001e6bdf4,sex,Male
5c258d9a3217420001e6bdf4,visExperience,1
5c258d9a3217420001e6bdf4,minutesOnTask,46.31666666666667
5c258d9a3217420001e6bdf4,averageAccuracy,0.7333333333333333
5c26722910677f0001db8250,browser,Chrome
5c26722910677f0001db8250,age,30
5c26722910677f0001db8250,degree,High School
5c26722910677f0001db8250,sex,Female
5c26722910677f0001db8250,visExperience,1
5c26722910677f0001db8250,minutesOnTask,65.86666666666667
5c26722910677f0001db8250,averageAccuracy,0.23333333333333334
5c27b2157e42a600015bf8ef,browser,Chrome
5c27b2157e42a600015bf8ef,age,19
5c27b2157e42a600015bf8ef,degree,High School
5c27b2157e42a600015bf8ef,sex,Male
5c27b2157e42a600015bf8ef,visExperience,2
5c27b2157e42a600015bf8ef,minutesOnTask,48.25
5c27b2157e42a600015bf8ef,averageAccuracy,0.8
5c2c888df42a780001468c5f,browser,Chrome
5c2c888df42a780001468c5f,age,41
5c2c888df42a780001468c5f,degree,Masters
5c2c888df42a780001468c5f,sex,Male
5c2c888df42a780001468c5f,visExperience,5
5c2c888df42a780001468c5f,minutesOnTask,45.44999999999999
5c2c888df42a780001468c5f,averageAccuracy,0.5333333333333333
5c32748a867f660001b0abf7,browser,Chrome
5c32748a867f660001b0abf7,age,18
5c32748a867f660001b0abf7,degree,High School
5c32748a867f660001b0abf7,sex,Male
5c32748a867f660001b0abf7,visExperience,6
5c32748a867f660001b0abf7,minutesOnTask,52.583333333333336
5c32748a867f660001b0abf7,averageAccuracy,0.6999420739459866
5c3388fa01439b0001a0adfe,browser,Chrome
5c3388fa01439b0001a0adfe,age,36
5c3388fa01439b0001a0adfe,degree,Masters
5c3388fa01439b0001a0adfe,sex,Female
5c3388fa01439b0001a0adfe,visExperience,1
5c3388fa01439b0001a0adfe,minutesOnTask,38.43333333333333
5c3388fa01439b0001a0adfe,averageAccuracy,0.8333333333333334
5c3bba90a5cdf70001cba89f,browser,Chrome
5c3bba90a5cdf70001cba89f,age,21
5c3bba90a5cdf70001cba89f,degree,High School
5c3bba90a5cdf70001cba89f,sex,Male
5c3bba90a5cdf70001cba89f,visExperience,2
5c3bba90a5cdf70001cba89f,minutesOnTask,42
5c3bba90a5cdf70001cba89f,averageAccuracy,0.8126434608403025
5c3d48955fd1050001a99364,browser,Chrome
5c3d48955fd1050001a99364,age,9
5c3d48955fd1050001a99364,degree,High School
5c3d48955fd1050001a99364,sex,Female
5c3d48955fd1050001a99364,visExperience,1
5c3d48955fd1050001a99364,minutesOnTask,29.216666666666665
5c3d48955fd1050001a99364,averageAccuracy,0.5
5c3dbae66d874c0001bda6d8,browser,Chrome
5c3dbae66d874c0001bda6d8,age,33
5c3dbae66d874c0001bda6d8,degree,Bachelors
5c3dbae66d874c0001bda6d8,sex,Female
5c3dbae66d874c0001bda6d8,visExperience,5
5c3dbae66d874c0001bda6d8,minutesOnTask,34.666666666666664
5c3dbae66d874c0001bda6d8,averageAccuracy,0.8166666666666667
5c44b3fe1bbffd0001014286,browser,Chrome
5c44b3fe1bbffd0001014286,age,26
5c44b3fe1bbffd0001014286,degree,Masters
5c44b3fe1bbffd0001014286,sex,Male
5c44b3fe1bbffd0001014286,visExperience,4
5c44b3fe1bbffd0001014286,minutesOnTask,51.583333333333336
5c44b3fe1bbffd0001014286,averageAccuracy,0.4666666666666667
5c4624f777451600015279c7,browser,Chrome
5c4624f777451600015279c7,age,31
5c4624f777451600015279c7,degree,Bachelors
5c4624f777451600015279c7,sex,Male
5c4624f777451600015279c7,visExperience,3
5c4624f777451600015279c7,minutesOnTask,27.216666666666665
5c4624f777451600015279c7,averageAccuracy,0.9333333333333333
5c483549929090000168686d,browser,Chrome
5c483549929090000168686d,age,31
5c483549929090000168686d,degree,High School
5c483549929090000168686d,sex,Male
5c483549929090000168686d,visExperience,4
5c483549929090000168686d,minutesOnTask,49.050000000000004
5c483549929090000168686d,averageAccuracy,0.23333333333333334
5c4a45dda8c31a000141a752,browser,Chrome
5c4a45dda8c31a000141a752,age,20
5c4a45dda8c31a000141a752,degree,High School
5c4a45dda8c31a000141a752,sex,Female
5c4a45dda8c31a000141a752,visExperience,5
5c4a45dda8c31a000141a752,minutesOnTask,30.05
5c4a45dda8c31a000141a752,averageAccuracy,0.8
5c4ea7c3889752000156ddc5,browser,Chrome
5c4ea7c3889752000156ddc5,age,22
5c4ea7c3889752000156ddc5,degree,High School
5c4ea7c3889752000156ddc5,sex,Male
5c4ea7c3889752000156ddc5,visExperience,1
5c4ea7c3889752000156ddc5,minutesOnTask,57.166666666666664
5c4ea7c3889752000156ddc5,averageAccuracy,0.5378645380111481
5c4f5967aac8be0001716a65,browser,Chrome
5c4f5967aac8be0001716a65,age,28
5c4f5967aac8be0001716a65,degree,Bachelors
5c4f5967aac8be0001716a65,sex,Male
5c4f5967aac8be0001716a65,visExperience,4
5c4f5967aac8be0001716a65,minutesOnTask,48.93333333333333
5c4f5967aac8be0001716a65,averageAccuracy,0.7333333333333333
5c5108e39c016f0001f53d82,browser,Firefox
5c5108e39c016f0001f53d82,age,41
5c5108e39c016f0001f53d82,degree,Bachelors
5c5108e39c016f0001f53d82,sex,Male
5c5108e39c016f0001f53d82,visExperience,4
5c5108e39c016f0001f53d82,minutesOnTask,40.266666666666666
5c5108e39c016f0001f53d82,averageAccuracy,0.7333333333333333
5c525174453ce60001aeb4f2,browser,Chrome
5c525174453ce60001aeb4f2,age,21
5c525174453ce60001aeb4f2,degree,High School
5c525174453ce60001aeb4f2,sex,Male
5c525174453ce60001aeb4f2,visExperience,1
5c525174453ce60001aeb4f2,minutesOnTask,58.96666666666666
5c525174453ce60001aeb4f2,averageAccuracy,0.8141005976383578
5c54fdde68c74d00013d237e,browser,Chrome
5c54fdde68c74d00013d237e,age,25
5c54fdde68c74d00013d237e,degree,Bachelors
5c54fdde68c74d00013d237e,sex,Female
5c54fdde68c74d00013d237e,visExperience,2
5c54fdde68c74d00013d237e,minutesOnTask,36.65
5c54fdde68c74d00013d237e,averageAccuracy,0.9383010610514488
5c55a5d2318c6b000118fc36,browser,Firefox
5c55a5d2318c6b000118fc36,age,25
5c55a5d2318c6b000118fc36,degree,Unspecified
5c55a5d2318c6b000118fc36,sex,Female
5c55a5d2318c6b000118fc36,visExperience,4
5c55a5d2318c6b000118fc36,minutesOnTask,50.666666666666664
5c55a5d2318c6b000118fc36,averageAccuracy,0.7333333333333333
5c55fec09fcbc40001dc50b5,browser,Chrome
5c55fec09fcbc40001dc50b5,age,43
5c55fec09fcbc40001dc50b5,degree,High School
5c55fec09fcbc40001dc50b5,sex,Male
5c55fec09fcbc40001dc50b5,visExperience,4
5c55fec09fcbc40001dc50b5,minutesOnTask,52.333333333333336
5c55fec09fcbc40001dc50b5,averageAccuracy,0.85
5c579b1191c0ad0001cfd373,browser,Chrome
5c579b1191c0ad0001cfd373,age,31
5c579b1191c0ad0001cfd373,degree,Bachelors
5c579b1191c0ad0001cfd373,sex,Male
5c579b1191c0ad0001cfd373,visExperience,5
5c579b1191c0ad0001cfd373,minutesOnTask,23.15
5c579b1191c0ad0001cfd373,averageAccuracy,0.7333333333333333
5c589d2b9fcbc40001dcbce9,browser,Chrome
5c589d2b9fcbc40001dcbce9,age,23
5c589d2b9fcbc40001dcbce9,degree,High School
5c589d2b9fcbc40001dcbce9,sex,Male
5c589d2b9fcbc40001dcbce9,visExperience,4
5c589d2b9fcbc40001dcbce9,minutesOnTask,52.28333333333333
5c589d2b9fcbc40001dcbce9,averageAccuracy,0.7333333333333333
5c5923bbe9813700018b199e,browser,Firefox
5c5923bbe9813700018b199e,age,35
5c5923bbe9813700018b199e,degree,Bachelors
5c5923bbe9813700018b199e,sex,Female
5c5923bbe9813700018b199e,visExperience,2
5c5923bbe9813700018b199e,minutesOnTask,33.6
5c5923bbe9813700018b199e,averageAccuracy,0.7666666666666667
5c5ac2869d974300015d81fc,browser,Chrome
5c5ac2869d974300015d81fc,age,32
5c5ac2869d974300015d81fc,degree,Bachelors
5c5ac2869d974300015d81fc,sex,Male
5c5ac2869d974300015d81fc,visExperience,4
5c5ac2869d974300015d81fc,minutesOnTask,38.85
5c5ac2869d974300015d81fc,averageAccuracy,0.7666666666666667
5c5c78b67ba8710001f5cc17,browser,Chrome
5c5c78b67ba8710001f5cc17,age,30
5c5c78b67ba8710001f5cc17,degree,Bachelors
5c5c78b67ba8710001f5cc17,sex,Female
5c5c78b67ba8710001f5cc17,visExperience,5
5c5c78b67ba8710001f5cc17,minutesOnTask,29.450000000000003
5c5c78b67ba8710001f5cc17,averageAccuracy,0.8
5c5d09991bca630001ea7cb5,browser,Chrome
5c5d09991bca630001ea7cb5,age,21
5c5d09991bca630001ea7cb5,degree,Unspecified
5c5d09991bca630001ea7cb5,sex,Male
5c5d09991bca630001ea7cb5,visExperience,3
5c5d09991bca630001ea7cb5,minutesOnTask,51.38333333333333
5c5d09991bca630001ea7cb5,averageAccuracy,0.7333333333333333
5c636850bad3560001c2749e,browser,Chrome
5c636850bad3560001c2749e,age,33
5c636850bad3560001c2749e,degree,High School
5c636850bad3560001c2749e,sex,Male
5c636850bad3560001c2749e,visExperience,5
5c636850bad3560001c2749e,minutesOnTask,43.199999999999996
5c636850bad3560001c2749e,averageAccuracy,0.65
5c645a30626f410001ac8bba,browser,Firefox
5c645a30626f410001ac8bba,age,36
5c645a30626f410001ac8bba,degree,High School
5c645a30626f410001ac8bba,sex,Male
5c645a30626f410001ac8bba,visExperience,1
5c645a30626f410001ac8bba,minutesOnTask,58.06666666666667
5c645a30626f410001ac8bba,averageAccuracy,0.9
5c665e1948985d0001f09675,browser,Chrome
5c665e1948985d0001f09675,age,32
5c665e1948985d0001f09675,degree,Masters
5c665e1948985d0001f09675,sex,Male
5c665e1948985d0001f09675,visExperience,6
5c665e1948985d0001f09675,minutesOnTask,47.35
5c665e1948985d0001f09675,averageAccuracy,0.7333333333333333
5c671a76085e6a0001fed1bc,browser,Chrome
5c671a76085e6a0001fed1bc,age,22
5c671a76085e6a0001fed1bc,degree,Bachelors
5c671a76085e6a0001fed1bc,sex,Male
5c671a76085e6a0001fed1bc,visExperience,4
5c671a76085e6a0001fed1bc,minutesOnTask,40.28333333333333
5c671a76085e6a0001fed1bc,averageAccuracy,0.8
5c6a18c59b800500017093cc,browser,Chrome
5c6a18c59b800500017093cc,age,18
5c6a18c59b800500017093cc,degree,High School
5c6a18c59b800500017093cc,sex,Male
5c6a18c59b800500017093cc,visExperience,5
5c6a18c59b800500017093cc,minutesOnTask,20.366666666666667
5c6a18c59b800500017093cc,averageAccuracy,0.8333333333333334
5c6d8ead5c64b60001f37b5e,browser,Netscape
5c6d8ead5c64b60001f37b5e,age,21
5c6d8ead5c64b60001f37b5e,degree,High School
5c6d8ead5c64b60001f37b5e,sex,Female
5c6d8ead5c64b60001f37b5e,visExperience,2
5c6d8ead5c64b60001f37b5e,minutesOnTask,45.11666666666667
5c6d8ead5c64b60001f37b5e,averageAccuracy,0.65
5c770e63a2b09c0001a821cc,browser,Chrome
5c770e63a2b09c0001a821cc,age,18
5c770e63a2b09c0001a821cc,degree,High School
5c770e63a2b09c0001a821cc,sex,Male
5c770e63a2b09c0001a821cc,visExperience,4
5c770e63a2b09c0001a821cc,minutesOnTask,47.6
5c770e63a2b09c0001a821cc,averageAccuracy,0.6666666666666666
5c7e7d92274125000179f2f0,browser,Chrome
5c7e7d92274125000179f2f0,age,34
5c7e7d92274125000179f2f0,degree,Masters
5c7e7d92274125000179f2f0,sex,Male
5c7e7d92274125000179f2f0,visExperience,5
5c7e7d92274125000179f2f0,minutesOnTask,89.73333333333333
5c7e7d92274125000179f2f0,averageAccuracy,0.8666666666666667
5c7ead380ce9a10016fb5ebf,browser,Chrome
5c7ead380ce9a10016fb5ebf,age,19
5c7ead380ce9a10016fb5ebf,degree,High School
5c7ead380ce9a10016fb5ebf,sex,Male
5c7ead380ce9a10016fb5ebf,visExperience,4
5c7ead380ce9a10016fb5ebf,minutesOnTask,26.5
5c7ead380ce9a10016fb5ebf,averageAccuracy,0.6666666666666666
5c7f97a9fd5b410017649767,browser,Chrome
5c7f97a9fd5b410017649767,age,22
5c7f97a9fd5b410017649767,degree,Bachelors
5c7f97a9fd5b410017649767,sex,Male
5c7f97a9fd5b410017649767,visExperience,5
5c7f97a9fd5b410017649767,minutesOnTask,28.05
5c7f97a9fd5b410017649767,averageAccuracy,0.7666666666666667
5c8249a1fff8430014e992fe,browser,Chrome
5c8249a1fff8430014e992fe,age,29
5c8249a1fff8430014e992fe,degree,Bachelors
5c8249a1fff8430014e992fe,sex,Female
5c8249a1fff8430014e992fe,visExperience,2
5c8249a1fff8430014e992fe,minutesOnTask,39.9
5c8249a1fff8430014e992fe,averageAccuracy,0.6060997030441208
5c82c9a4d8302a00010639b8,browser,Chrome
5c82c9a4d8302a00010639b8,age,28
5c82c9a4d8302a00010639b8,degree,Bachelors
5c82c9a4d8302a00010639b8,sex,Male
5c82c9a4d8302a00010639b8,visExperience,6
5c82c9a4d8302a00010639b8,minutesOnTask,39.96666666666667
5c82c9a4d8302a00010639b8,averageAccuracy,0.5833333333333334
5c83c444b5bfcb00135af499,browser,Chrome
5c83c444b5bfcb00135af499,age,22
5c83c444b5bfcb00135af499,degree,High School
5c83c444b5bfcb00135af499,sex,Male
5c83c444b5bfcb00135af499,visExperience,3
5c83c444b5bfcb00135af499,minutesOnTask,35.86666666666667
5c83c444b5bfcb00135af499,averageAccuracy,0.7666666666666667
5c89870b9cef4f0001a1a295,browser,Firefox
5c89870b9cef4f0001a1a295,age,26
5c89870b9cef4f0001a1a295,degree,High School
5c89870b9cef4f0001a1a295,sex,Male
5c89870b9cef4f0001a1a295,visExperience,3
5c89870b9cef4f0001a1a295,minutesOnTask,25.8
5c89870b9cef4f0001a1a295,averageAccuracy,0.6666666666666666
5c898a38f7ab04000142af4c,browser,Chrome
5c898a38f7ab04000142af4c,age,24
5c898a38f7ab04000142af4c,degree,Bachelors
5c898a38f7ab04000142af4c,sex,Male
5c898a38f7ab04000142af4c,visExperience,5
5c898a38f7ab04000142af4c,minutesOnTask,35.46666666666667
5c898a38f7ab04000142af4c,averageAccuracy,0.9333333333333333
5c8acbbb0de08f00136e4405,browser,Firefox
5c8acbbb0de08f00136e4405,age,42
5c8acbbb0de08f00136e4405,degree,Masters
5c8acbbb0de08f00136e4405,sex,Male
5c8acbbb0de08f00136e4405,visExperience,3
5c8acbbb0de08f00136e4405,minutesOnTask,56.21666666666667
5c8acbbb0de08f00136e4405,averageAccuracy,0.6
5c8d6017c6e10f0001b1417d,browser,Chrome
5c8d6017c6e10f0001b1417d,age,18
5c8d6017c6e10f0001b1417d,degree,High School
5c8d6017c6e10f0001b1417d,sex,Male
5c8d6017c6e10f0001b1417d,visExperience,3
5c8d6017c6e10f0001b1417d,minutesOnTask,15.933333333333332
5c8d6017c6e10f0001b1417d,averageAccuracy,0.7333333333333333
5c8da3f6f2ad95001766a6f3,browser,Chrome
5c8da3f6f2ad95001766a6f3,age,36
5c8da3f6f2ad95001766a6f3,degree,Other
5c8da3f6f2ad95001766a6f3,sex,Female
5c8da3f6f2ad95001766a6f3,visExperience,1
5c8da3f6f2ad95001766a6f3,minutesOnTask,38.75
5c8da3f6f2ad95001766a6f3,averageAccuracy,0.6833211185564793
5c9178d3803bff0001fef762,browser,Chrome
5c9178d3803bff0001fef762,age,39
5c9178d3803bff0001fef762,degree,Bachelors
5c9178d3803bff0001fef762,sex,Female
5c9178d3803bff0001fef762,visExperience,4
5c9178d3803bff0001fef762,minutesOnTask,22.45
5c9178d3803bff0001fef762,averageAccuracy,0.8666666666666667
5c918e5eb138fe0014e401e0,browser,Chrome
5c918e5eb138fe0014e401e0,age,25
5c918e5eb138fe0014e401e0,degree,Bachelors
5c918e5eb138fe0014e401e0,sex,Female
5c918e5eb138fe0014e401e0,visExperience,4
5c918e5eb138fe0014e401e0,minutesOnTask,30.833333333333332
5c918e5eb138fe0014e401e0,averageAccuracy,0.6666666666666666
5c91942b707ed90011858f48,browser,Chrome
5c91942b707ed90011858f48,age,30
5c91942b707ed90011858f48,degree,Bachelors
5c91942b707ed90011858f48,sex,Male
5c91942b707ed90011858f48,visExperience,4
5c91942b707ed90011858f48,minutesOnTask,25.966666666666665
5c91942b707ed90011858f48,averageAccuracy,0.5333333333333333
5c9303a02d8c5900152f9d63,browser,Firefox
5c9303a02d8c5900152f9d63,age,21
5c9303a02d8c5900152f9d63,degree,High School
5c9303a02d8c5900152f9d63,sex,Male
5c9303a02d8c5900152f9d63,visExperience,2
5c9303a02d8c5900152f9d63,minutesOnTask,63.56666666666667
5c9303a02d8c5900152f9d63,averageAccuracy,0.5297206846159398
5c935d881754ba001b25697a,browser,Chrome
5c935d881754ba001b25697a,age,34
5c935d881754ba001b25697a,degree,Bachelors
5c935d881754ba001b25697a,sex,Female
5c935d881754ba001b25697a,visExperience,4
5c935d881754ba001b25697a,minutesOnTask,32.28333333333333
5c935d881754ba001b25697a,averageAccuracy,0.7
5c9527e29e4f7400011e1571,browser,Safari
5c9527e29e4f7400011e1571,age,46
5c9527e29e4f7400011e1571,degree,Bachelors
5c9527e29e4f7400011e1571,sex,Female
5c9527e29e4f7400011e1571,visExperience,1
5c9527e29e4f7400011e1571,minutesOnTask,38.666666666666664
5c9527e29e4f7400011e1571,averageAccuracy,0.7333333333333333
5c95453d61ee0b00010cbb5f,browser,Chrome
5c95453d61ee0b00010cbb5f,age,19
5c95453d61ee0b00010cbb5f,degree,High School
5c95453d61ee0b00010cbb5f,sex,Male
5c95453d61ee0b00010cbb5f,visExperience,3
5c95453d61ee0b00010cbb5f,minutesOnTask,32.88333333333333
5c95453d61ee0b00010cbb5f,averageAccuracy,0.6666666666666666
5c97df1f9e1eff001662ed96,browser,Chrome
5c97df1f9e1eff001662ed96,age,26
5c97df1f9e1eff001662ed96,degree,Bachelors
5c97df1f9e1eff001662ed96,sex,Female
5c97df1f9e1eff001662ed96,visExperience,3
5c97df1f9e1eff001662ed96,minutesOnTask,59.983333333333334
5c97df1f9e1eff001662ed96,averageAccuracy,0.9333333333333333
5c9a1d3c732b420001bfa60f,browser,Firefox
5c9a1d3c732b420001bfa60f,age,20
5c9a1d3c732b420001bfa60f,degree,High School
5c9a1d3c732b420001bfa60f,sex,Male
5c9a1d3c732b420001bfa60f,visExperience,4
5c9a1d3c732b420001bfa60f,minutesOnTask,39.550000000000004
5c9a1d3c732b420001bfa60f,averageAccuracy,0.6
5c9d88bb2b3c77001744ec1c,browser,Chrome
5c9d88bb2b3c77001744ec1c,age,33
5c9d88bb2b3c77001744ec1c,degree,Bachelors
5c9d88bb2b3c77001744ec1c,sex,Male
5c9d88bb2b3c77001744ec1c,visExperience,2
5c9d88bb2b3c77001744ec1c,minutesOnTask,57.599999999999994
5c9d88bb2b3c77001744ec1c,averageAccuracy,0.8
5ca44a6ca9b09300013710f6,browser,Chrome
5ca44a6ca9b09300013710f6,age,22
5ca44a6ca9b09300013710f6,degree,Bachelors
5ca44a6ca9b09300013710f6,sex,Female
5ca44a6ca9b09300013710f6,visExperience,3
5ca44a6ca9b09300013710f6,minutesOnTask,42.03333333333333
5ca44a6ca9b09300013710f6,averageAccuracy,0.7166666666666667
5ca4da2305804c001414c997,browser,Chrome
5ca4da2305804c001414c997,age,26
5ca4da2305804c001414c997,degree,High School
5ca4da2305804c001414c997,sex,Male
5ca4da2305804c001414c997,visExperience,6
5ca4da2305804c001414c997,minutesOnTask,35.13333333333333
5ca4da2305804c001414c997,averageAccuracy,0.8666666666666667
5ca59f9f30710b001605b491,browser,Chrome
5ca59f9f30710b001605b491,age,19
5ca59f9f30710b001605b491,degree,High School
5ca59f9f30710b001605b491,sex,Male
5ca59f9f30710b001605b491,visExperience,2
5ca59f9f30710b001605b491,minutesOnTask,25.183333333333334
5ca59f9f30710b001605b491,averageAccuracy,0.6081026335306259
5ca6bbf13b5fcf00100996e9,browser,Chrome
5ca6bbf13b5fcf00100996e9,age,53
5ca6bbf13b5fcf00100996e9,degree,Bachelors
5ca6bbf13b5fcf00100996e9,sex,Male
5ca6bbf13b5fcf00100996e9,visExperience,1
5ca6bbf13b5fcf00100996e9,minutesOnTask,22.833333333333332
5ca6bbf13b5fcf00100996e9,averageAccuracy,0.36666666666666664
5cab8cadd0f9c90016b178b0,browser,Chrome
5cab8cadd0f9c90016b178b0,age,27
5cab8cadd0f9c90016b178b0,degree,Bachelors
5cab8cadd0f9c90016b178b0,sex,Male
5cab8cadd0f9c90016b178b0,visExperience,7
5cab8cadd0f9c90016b178b0,minutesOnTask,29.9
5cab8cadd0f9c90016b178b0,averageAccuracy,0.8333333333333334
5cab944b41de360017e2c3db,browser,Chrome
5cab944b41de360017e2c3db,age,26
5cab944b41de360017e2c3db,degree,Bachelors
5cab944b41de360017e2c3db,sex,Female
5cab944b41de360017e2c3db,visExperience,2
5cab944b41de360017e2c3db,minutesOnTask,54.833333333333336
5cab944b41de360017e2c3db,averageAccuracy,0.9333333333333333
5cb162ae9df7a00017d1272c,browser,Chrome
5cb162ae9df7a00017d1272c,age,35
5cb162ae9df7a00017d1272c,degree,High School
5cb162ae9df7a00017d1272c,sex,Male
5cb162ae9df7a00017d1272c,visExperience,3
5cb162ae9df7a00017d1272c,minutesOnTask,66.85
5cb162ae9df7a00017d1272c,averageAccuracy,0.8666666666666667
5cb19d5777375f0016f32030,browser,Chrome
5cb19d5777375f0016f32030,age,24
5cb19d5777375f0016f32030,degree,Other
5cb19d5777375f0016f32030,sex,Female
5cb19d5777375f0016f32030,visExperience,5
5cb19d5777375f0016f32030,minutesOnTask,44.78333333333334
5cb19d5777375f0016f32030,averageAccuracy,0.6333333333333333
5cb41daa19eba30012701245,browser,Chrome
5cb41daa19eba30012701245,age,23
5cb41daa19eba30012701245,degree,Bachelors
5cb41daa19eba30012701245,sex,Male
5cb41daa19eba30012701245,visExperience,4
5cb41daa19eba30012701245,minutesOnTask,41.15
5cb41daa19eba30012701245,averageAccuracy,0.7
5cb653e0e9187600014da063,browser,Chrome
5cb653e0e9187600014da063,age,18
5cb653e0e9187600014da063,degree,High School
5cb653e0e9187600014da063,sex,Male
5cb653e0e9187600014da063,visExperience,1
5cb653e0e9187600014da063,minutesOnTask,30.26666666666667
5cb653e0e9187600014da063,averageAccuracy,0.6333333333333333
5cb80f255a63a200167ead10,browser,Chrome
5cb80f255a63a200167ead10,age,43
5cb80f255a63a200167ead10,degree,Bachelors
5cb80f255a63a200167ead10,sex,Female
5cb80f255a63a200167ead10,visExperience,5
5cb80f255a63a200167ead10,minutesOnTask,41.516666666666666
5cb80f255a63a200167ead10,averageAccuracy,0.945847031123348
5cbb50540776a20019ccbf7f,browser,Chrome
5cbb50540776a20019ccbf7f,age,27
5cbb50540776a20019ccbf7f,degree,Bachelors
5cbb50540776a20019ccbf7f,sex,Female
5cbb50540776a20019ccbf7f,visExperience,4
5cbb50540776a20019ccbf7f,minutesOnTask,54.1
5cbb50540776a20019ccbf7f,averageAccuracy,0.7562182540690772
5cbda9f6290fd50016e5c03f,browser,Chrome
5cbda9f6290fd50016e5c03f,age,26
5cbda9f6290fd50016e5c03f,degree,High School
5cbda9f6290fd50016e5c03f,sex,Female
5cbda9f6290fd50016e5c03f,visExperience,4
5cbda9f6290fd50016e5c03f,minutesOnTask,48.166666666666664
5cbda9f6290fd50016e5c03f,averageAccuracy,0.6666666666666666
5cc0dd932717ad0018c3fc2d,browser,Chrome
5cc0dd932717ad0018c3fc2d,age,23
5cc0dd932717ad0018c3fc2d,degree,Bachelors
5cc0dd932717ad0018c3fc2d,sex,Male
5cc0dd932717ad0018c3fc2d,visExperience,2
5cc0dd932717ad0018c3fc2d,minutesOnTask,30.783333333333335
5cc0dd932717ad0018c3fc2d,averageAccuracy,0.8
5cc3db736f21710017a49604,browser,Firefox
5cc3db736f21710017a49604,age,19
5cc3db736f21710017a49604,degree,High School
5cc3db736f21710017a49604,sex,Male
5cc3db736f21710017a49604,visExperience,5
5cc3db736f21710017a49604,minutesOnTask,32.983333333333334
5cc3db736f21710017a49604,averageAccuracy,0.9333333333333333
5cc604bd3bbb120018a3c0e2,browser,Chrome
5cc604bd3bbb120018a3c0e2,age,29
5cc604bd3bbb120018a3c0e2,degree,Bachelors
5cc604bd3bbb120018a3c0e2,sex,Male
5cc604bd3bbb120018a3c0e2,visExperience,4
5cc604bd3bbb120018a3c0e2,minutesOnTask,40.01666666666667
5cc604bd3bbb120018a3c0e2,averageAccuracy,0.8666666666666667
5cc7050c3c503e001aa6249f,browser,Chrome
5cc7050c3c503e001aa6249f,age,19
5cc7050c3c503e001aa6249f,degree,High School
5cc7050c3c503e001aa6249f,sex,Male
5cc7050c3c503e001aa6249f,visExperience,5
5cc7050c3c503e001aa6249f,minutesOnTask,22.75
5cc7050c3c503e001aa6249f,averageAccuracy,0.8
5ccbbdfca3decc00181d5e61,browser,Chrome
5ccbbdfca3decc00181d5e61,age,25
5ccbbdfca3decc00181d5e61,degree,Bachelors
5ccbbdfca3decc00181d5e61,sex,other
5ccbbdfca3decc00181d5e61,visExperience,2
5ccbbdfca3decc00181d5e61,minutesOnTask,41.766666666666666
5ccbbdfca3decc00181d5e61,averageAccuracy,0.5833333333333334
5ccc758ab11510001584a1af,browser,Chrome
5ccc758ab11510001584a1af,age,24
5ccc758ab11510001584a1af,degree,Bachelors
5ccc758ab11510001584a1af,sex,Male
5ccc758ab11510001584a1af,visExperience,1
5ccc758ab11510001584a1af,minutesOnTask,31.48333333333333
5ccc758ab11510001584a1af,averageAccuracy,0.7
5cd1bd99447a9a001785f38f,browser,Chrome
5cd1bd99447a9a001785f38f,age,18
5cd1bd99447a9a001785f38f,degree,High School
5cd1bd99447a9a001785f38f,sex,Female
5cd1bd99447a9a001785f38f,visExperience,2
5cd1bd99447a9a001785f38f,minutesOnTask,43.21666666666667
5cd1bd99447a9a001785f38f,averageAccuracy,0.8333333333333334
5cd30b2041a6b8001874c41f,browser,Chrome
5cd30b2041a6b8001874c41f,age,24
5cd30b2041a6b8001874c41f,degree,Bachelors
5cd30b2041a6b8001874c41f,sex,Female
5cd30b2041a6b8001874c41f,visExperience,4
5cd30b2041a6b8001874c41f,minutesOnTask,56.650000000000006
5cd30b2041a6b8001874c41f,averageAccuracy,0.9666213410938168
5cd80770244a6f0017f614ee,browser,Chrome
5cd80770244a6f0017f614ee,age,19
5cd80770244a6f0017f614ee,degree,High School
5cd80770244a6f0017f614ee,sex,Female
5cd80770244a6f0017f614ee,visExperience,4
5cd80770244a6f0017f614ee,minutesOnTask,33.38333333333333
5cd80770244a6f0017f614ee,averageAccuracy,0.9077854960536814
5cd85ef210887400012db8dc,browser,Firefox
5cd85ef210887400012db8dc,age,22
5cd85ef210887400012db8dc,degree,High School
5cd85ef210887400012db8dc,sex,Male
5cd85ef210887400012db8dc,visExperience,2
5cd85ef210887400012db8dc,minutesOnTask,23.25
5cd85ef210887400012db8dc,averageAccuracy,0.8099483017223216
5cd8c94c99e9d00001465e35,browser,Chrome
5cd8c94c99e9d00001465e35,age,49
5cd8c94c99e9d00001465e35,degree,Bachelors
5cd8c94c99e9d00001465e35,sex,Male
5cd8c94c99e9d00001465e35,visExperience,5
5cd8c94c99e9d00001465e35,minutesOnTask,55.15
5cd8c94c99e9d00001465e35,averageAccuracy,0.7
5cdb44d1192b2e001a9ab615,browser,Safari
5cdb44d1192b2e001a9ab615,age,37
5cdb44d1192b2e001a9ab615,degree,Masters
5cdb44d1192b2e001a9ab615,sex,Male
5cdb44d1192b2e001a9ab615,visExperience,1
5cdb44d1192b2e001a9ab615,minutesOnTask,43.71666666666667
5cdb44d1192b2e001a9ab615,averageAccuracy,0.8816776195467475
5cdda1a93af752001a3949d6,browser,Firefox
5cdda1a93af752001a3949d6,age,35
5cdda1a93af752001a3949d6,degree,Bachelors
5cdda1a93af752001a3949d6,sex,Male
5cdda1a93af752001a3949d6,visExperience,3
5cdda1a93af752001a3949d6,minutesOnTask,16.916666666666668
5cdda1a93af752001a3949d6,averageAccuracy,0.65
5cdf6e1bc0732800014bfc6e,browser,Chrome
5cdf6e1bc0732800014bfc6e,age,35
5cdf6e1bc0732800014bfc6e,degree,High School
5cdf6e1bc0732800014bfc6e,sex,Male
5cdf6e1bc0732800014bfc6e,visExperience,4
5cdf6e1bc0732800014bfc6e,minutesOnTask,61.516666666666666
5cdf6e1bc0732800014bfc6e,averageAccuracy,0.8101873732940844
5ce33217f1117f0017c80de1,browser,Chrome
5ce33217f1117f0017c80de1,age,21
5ce33217f1117f0017c80de1,degree,High School
5ce33217f1117f0017c80de1,sex,Female
5ce33217f1117f0017c80de1,visExperience,1
5ce33217f1117f0017c80de1,minutesOnTask,21.8
5ce33217f1117f0017c80de1,averageAccuracy,0.7801181819761831
5ce351236fa444001942e278,browser,Chrome
5ce351236fa444001942e278,age,41
5ce351236fa444001942e278,degree,High School
5ce351236fa444001942e278,sex,Female
5ce351236fa444001942e278,visExperience,1
5ce351236fa444001942e278,minutesOnTask,23.55
5ce351236fa444001942e278,averageAccuracy,0.8666666666666667
5ce456e6f54a8b0001d97020,browser,Firefox
5ce456e6f54a8b0001d97020,age,20
5ce456e6f54a8b0001d97020,degree,Bachelors
5ce456e6f54a8b0001d97020,sex,Male
5ce456e6f54a8b0001d97020,visExperience,5
5ce456e6f54a8b0001d97020,minutesOnTask,34.13333333333333
5ce456e6f54a8b0001d97020,averageAccuracy,0.9552816597660342
5ce58ec29c40b2001b3a00d4,browser,Firefox
5ce58ec29c40b2001b3a00d4,age,32
5ce58ec29c40b2001b3a00d4,degree,Bachelors
5ce58ec29c40b2001b3a00d4,sex,Male
5ce58ec29c40b2001b3a00d4,visExperience,4
5ce58ec29c40b2001b3a00d4,minutesOnTask,35.43333333333334
5ce58ec29c40b2001b3a00d4,averageAccuracy,0.7153904271616345
5ce7c46d79642d0017767d94,browser,Firefox
5ce7c46d79642d0017767d94,age,39
5ce7c46d79642d0017767d94,degree,Bachelors
5ce7c46d79642d0017767d94,sex,Male
5ce7c46d79642d0017767d94,visExperience,2
5ce7c46d79642d0017767d94,minutesOnTask,39.43333333333333
5ce7c46d79642d0017767d94,averageAccuracy,0.36666666666666664
5ce9b0e4be5a6b00163f6870,browser,Firefox
5ce9b0e4be5a6b00163f6870,age,53
5ce9b0e4be5a6b00163f6870,degree,Bachelors
5ce9b0e4be5a6b00163f6870,sex,Male
5ce9b0e4be5a6b00163f6870,visExperience,1
5ce9b0e4be5a6b00163f6870,minutesOnTask,44.96666666666667
5ce9b0e4be5a6b00163f6870,averageAccuracy,0.5666666666666667
5ceb292e06aa2300193631d1,browser,Firefox
5ceb292e06aa2300193631d1,age,23
5ceb292e06aa2300193631d1,degree,High School
5ceb292e06aa2300193631d1,sex,Female
5ceb292e06aa2300193631d1,visExperience,2
5ceb292e06aa2300193631d1,minutesOnTask,23.916666666666668
5ceb292e06aa2300193631d1,averageAccuracy,0.48333333333333334
5cebd3addd01c200176b87a9,browser,Firefox
5cebd3addd01c200176b87a9,age,33
5cebd3addd01c200176b87a9,degree,Bachelors
5cebd3addd01c200176b87a9,sex,Male
5cebd3addd01c200176b87a9,visExperience,4
5cebd3addd01c200176b87a9,minutesOnTask,22.883333333333333
5cebd3addd01c200176b87a9,averageAccuracy,0.9247106709260521
5cec5f7afdd26c00193ba64b,browser,Chrome
5cec5f7afdd26c00193ba64b,age,26
5cec5f7afdd26c00193ba64b,degree,High School
5cec5f7afdd26c00193ba64b,sex,Male
5cec5f7afdd26c00193ba64b,visExperience,1
5cec5f7afdd26c00193ba64b,minutesOnTask,41.65
5cec5f7afdd26c00193ba64b,averageAccuracy,0.8666666666666667
5cf130a94bb16900014c0865,browser,Chrome
5cf130a94bb16900014c0865,age,23
5cf130a94bb16900014c0865,degree,High School
5cf130a94bb16900014c0865,sex,Male
5cf130a94bb16900014c0865,visExperience,4
5cf130a94bb16900014c0865,minutesOnTask,31.883333333333333
5cf130a94bb16900014c0865,averageAccuracy,0.8
5cf15c363858150001955011,browser,Chrome
5cf15c363858150001955011,age,23
5cf15c363858150001955011,degree,Other
5cf15c363858150001955011,sex,Female
5cf15c363858150001955011,visExperience,2
5cf15c363858150001955011,minutesOnTask,27.15
5cf15c363858150001955011,averageAccuracy,0.8333333333333334
5cf1a1b1c0d98b00196ea8c8,browser,Firefox
5cf1a1b1c0d98b00196ea8c8,age,28
5cf1a1b1c0d98b00196ea8c8,degree,High School
5cf1a1b1c0d98b00196ea8c8,sex,Male
5cf1a1b1c0d98b00196ea8c8,visExperience,3
5cf1a1b1c0d98b00196ea8c8,minutesOnTask,44.06666666666666
5cf1a1b1c0d98b00196ea8c8,averageAccuracy,0.8666666666666667
5cf2b5fb392ca3001a117d96,browser,Firefox
5cf2b5fb392ca3001a117d96,age,34
5cf2b5fb392ca3001a117d96,degree,High School
5cf2b5fb392ca3001a117d96,sex,Female
5cf2b5fb392ca3001a117d96,visExperience,1
5cf2b5fb392ca3001a117d96,minutesOnTask,43.666666666666664
5cf2b5fb392ca3001a117d96,averageAccuracy,0.8
5cf2d589239c60001a088f03,browser,Chrome
5cf2d589239c60001a088f03,age,32
5cf2d589239c60001a088f03,degree,Bachelors
5cf2d589239c60001a088f03,sex,Female
5cf2d589239c60001a088f03,visExperience,1
5cf2d589239c60001a088f03,minutesOnTask,27.633333333333333
5cf2d589239c60001a088f03,averageAccuracy,0.7166147972831669
5cf591fd639b150016eb878d,browser,Chrome
5cf591fd639b150016eb878d,age,36
5cf591fd639b150016eb878d,degree,High School
5cf591fd639b150016eb878d,sex,Male
5cf591fd639b150016eb878d,visExperience,4
5cf591fd639b150016eb878d,minutesOnTask,64.5
5cf591fd639b150016eb878d,averageAccuracy,0.9333333333333333
5cf7fa1e7b66930001c9d0af,browser,Firefox
5cf7fa1e7b66930001c9d0af,age,30
5cf7fa1e7b66930001c9d0af,degree,Bachelors
5cf7fa1e7b66930001c9d0af,sex,Male
5cf7fa1e7b66930001c9d0af,visExperience,3
5cf7fa1e7b66930001c9d0af,minutesOnTask,23.883333333333333
5cf7fa1e7b66930001c9d0af,averageAccuracy,0.8443991324309761
5cfd339a78a61e0018cc9048,browser,Chrome
5cfd339a78a61e0018cc9048,age,25
5cfd339a78a61e0018cc9048,degree,Masters
5cfd339a78a61e0018cc9048,sex,Female
5cfd339a78a61e0018cc9048,visExperience,5
5cfd339a78a61e0018cc9048,minutesOnTask,34.666666666666664
5cfd339a78a61e0018cc9048,averageAccuracy,0.8001734033238316
5cfd7167adab2f0016d1571f,browser,Chrome
5cfd7167adab2f0016d1571f,age,40
5cfd7167adab2f0016d1571f,degree,High School
5cfd7167adab2f0016d1571f,sex,Male
5cfd7167adab2f0016d1571f,visExperience,6
5cfd7167adab2f0016d1571f,minutesOnTask,36.733333333333334
5cfd7167adab2f0016d1571f,averageAccuracy,0.8106130360334748
5cfff7fb63c70500010479ad,browser,Firefox
5cfff7fb63c70500010479ad,age,52
5cfff7fb63c70500010479ad,degree,High School
5cfff7fb63c70500010479ad,sex,Female
5cfff7fb63c70500010479ad,visExperience,4
5cfff7fb63c70500010479ad,minutesOnTask,62.266666666666666
5cfff7fb63c70500010479ad,averageAccuracy,0.9333333333333333
5d000aab5c1496001ac58dd1,browser,Chrome
5d000aab5c1496001ac58dd1,age,22
5d000aab5c1496001ac58dd1,degree,High School
5d000aab5c1496001ac58dd1,sex,Male
5d000aab5c1496001ac58dd1,visExperience,4
5d000aab5c1496001ac58dd1,minutesOnTask,50.63333333333333
5d000aab5c1496001ac58dd1,averageAccuracy,0.6666666666666666
5d029f6482cabb001579170f,browser,Chrome
5d029f6482cabb001579170f,age,24
5d029f6482cabb001579170f,degree,Masters
5d029f6482cabb001579170f,sex,Female
5d029f6482cabb001579170f,visExperience,3
5d029f6482cabb001579170f,minutesOnTask,38.78333333333334
5d029f6482cabb001579170f,averageAccuracy,0.6166666666666667
5d02ed8f7a3c0f0015cd3230,browser,Chrome
5d02ed8f7a3c0f0015cd3230,age,19
5d02ed8f7a3c0f0015cd3230,degree,High School
5d02ed8f7a3c0f0015cd3230,sex,Male
5d02ed8f7a3c0f0015cd3230,visExperience,4
5d02ed8f7a3c0f0015cd3230,minutesOnTask,44.46666666666667
5d02ed8f7a3c0f0015cd3230,averageAccuracy,0.8666666666666667
5d0c2955461d3a0018649952,browser,Chrome
5d0c2955461d3a0018649952,age,25
5d0c2955461d3a0018649952,degree,High School
5d0c2955461d3a0018649952,sex,Female
5d0c2955461d3a0018649952,visExperience,1
5d0c2955461d3a0018649952,minutesOnTask,29.566666666666666
5d0c2955461d3a0018649952,averageAccuracy,0.4666666666666667
5d12020e90265e00199ba8a9,browser,Chrome
5d12020e90265e00199ba8a9,age,24
5d12020e90265e00199ba8a9,degree,Masters
5d12020e90265e00199ba8a9,sex,Female
5d12020e90265e00199ba8a9,visExperience,2
5d12020e90265e00199ba8a9,minutesOnTask,48.550000000000004
5d12020e90265e00199ba8a9,averageAccuracy,0.7333333333333333
5d150feaafe6b200174f1890,browser,Chrome
5d150feaafe6b200174f1890,age,19
5d150feaafe6b200174f1890,degree,High School
5d150feaafe6b200174f1890,sex,Male
5d150feaafe6b200174f1890,visExperience,5
5d150feaafe6b200174f1890,minutesOnTask,17.916666666666668
5d150feaafe6b200174f1890,averageAccuracy,0.9
5d16a6771a4be700166368b0,browser,Chrome
5d16a6771a4be700166368b0,age,22
5d16a6771a4be700166368b0,degree,Bachelors
5d16a6771a4be700166368b0,sex,Male
5d16a6771a4be700166368b0,visExperience,4
5d16a6771a4be700166368b0,minutesOnTask,31.9
5d16a6771a4be700166368b0,averageAccuracy,0.8333333333333334
5d16badb7b0154001a282fdb,browser,Chrome
5d16badb7b0154001a282fdb,age,64
5d16badb7b0154001a282fdb,degree,High School
5d16badb7b0154001a282fdb,sex,Female
5d16badb7b0154001a282fdb,visExperience,1
5d16badb7b0154001a282fdb,minutesOnTask,52.45
5d16badb7b0154001a282fdb,averageAccuracy,0.5666666666666667
5d17ce93ac37cd0019535088,browser,Chrome
5d17ce93ac37cd0019535088,age,19
5d17ce93ac37cd0019535088,degree,High School
5d17ce93ac37cd0019535088,sex,Male
5d17ce93ac37cd0019535088,visExperience,4
5d17ce93ac37cd0019535088,minutesOnTask,43.2
5d17ce93ac37cd0019535088,averageAccuracy,0.8666666666666667
5d1ab85b5ebc3e001aab21ea,browser,Chrome
5d1ab85b5ebc3e001aab21ea,age,24
5d1ab85b5ebc3e001aab21ea,degree,Masters
5d1ab85b5ebc3e001aab21ea,sex,Male
5d1ab85b5ebc3e001aab21ea,visExperience,6
5d1ab85b5ebc3e001aab21ea,minutesOnTask,72.98333333333332
5d1ab85b5ebc3e001aab21ea,averageAccuracy,0.9333333333333333
5d1ccede6db6960019886d03,browser,Chrome
5d1ccede6db6960019886d03,age,27
5d1ccede6db6960019886d03,degree,PhD
5d1ccede6db6960019886d03,sex,Female
5d1ccede6db6960019886d03,visExperience,5
5d1ccede6db6960019886d03,minutesOnTask,56.516666666666666
5d1ccede6db6960019886d03,averageAccuracy,0.25
5d1db2c56d66ec001904e555,browser,Chrome
5d1db2c56d66ec001904e555,age,18
5d1db2c56d66ec001904e555,degree,Bachelors
5d1db2c56d66ec001904e555,sex,Male
5d1db2c56d66ec001904e555,visExperience,3
5d1db2c56d66ec001904e555,minutesOnTask,56.733333333333334
5d1db2c56d66ec001904e555,averageAccuracy,0.8
5d24d146fec9430001470a47,browser,Chrome
5d24d146fec9430001470a47,age,27
5d24d146fec9430001470a47,degree,Bachelors
5d24d146fec9430001470a47,sex,Female
5d24d146fec9430001470a47,visExperience,4
5d24d146fec9430001470a47,minutesOnTask,30.183333333333334
5d24d146fec9430001470a47,averageAccuracy,0.7547766050173862
5d25473cacb3e5001ae39cb8,browser,Chrome
5d25473cacb3e5001ae39cb8,age,23
5d25473cacb3e5001ae39cb8,degree,Bachelors
5d25473cacb3e5001ae39cb8,sex,Male
5d25473cacb3e5001ae39cb8,visExperience,1
5d25473cacb3e5001ae39cb8,minutesOnTask,53.516666666666666
5d25473cacb3e5001ae39cb8,averageAccuracy,0.8
5d26222d2cbf2c00170c5ff9,browser,Chrome
5d26222d2cbf2c00170c5ff9,age,19
5d26222d2cbf2c00170c5ff9,degree,High School
5d26222d2cbf2c00170c5ff9,sex,Male
5d26222d2cbf2c00170c5ff9,visExperience,2
5d26222d2cbf2c00170c5ff9,minutesOnTask,31.416666666666668
5d26222d2cbf2c00170c5ff9,averageAccuracy,0.85
5d274089a7d5390018bc5706,browser,Chrome
5d274089a7d5390018bc5706,age,18
5d274089a7d5390018bc5706,degree,High School
5d274089a7d5390018bc5706,sex,Male
5d274089a7d5390018bc5706,visExperience,6
5d274089a7d5390018bc5706,minutesOnTask,32.28333333333333
5d274089a7d5390018bc5706,averageAccuracy,0.8666666666666667
5d275d6e9bb251001a72029e,browser,Chrome
5d275d6e9bb251001a72029e,age,28
5d275d6e9bb251001a72029e,degree,Other
5d275d6e9bb251001a72029e,sex,Female
5d275d6e9bb251001a72029e,visExperience,4
5d275d6e9bb251001a72029e,minutesOnTask,20.8
5d275d6e9bb251001a72029e,averageAccuracy,0.75
5d2790564ea8d100190b3e4e,browser,Chrome
5d2790564ea8d100190b3e4e,age,21
5d2790564ea8d100190b3e4e,degree,High School
5d2790564ea8d100190b3e4e,sex,Male
5d2790564ea8d100190b3e4e,visExperience,3
5d2790564ea8d100190b3e4e,minutesOnTask,56.083333333333336
5d2790564ea8d100190b3e4e,averageAccuracy,0.7333333333333333
5d28993a81b82800155cd563,browser,Chrome
5d28993a81b82800155cd563,age,20
5d28993a81b82800155cd563,degree,High School
5d28993a81b82800155cd563,sex,Female
5d28993a81b82800155cd563,visExperience,2
5d28993a81b82800155cd563,minutesOnTask,26.416666666666668
5d28993a81b82800155cd563,averageAccuracy,0.6768866205579022
5d29412ab711e9001ab74ece,browser,Chrome
5d29412ab711e9001ab74ece,age,36
5d29412ab711e9001ab74ece,degree,High School
5d29412ab711e9001ab74ece,sex,Male
5d29412ab711e9001ab74ece,visExperience,3
5d29412ab711e9001ab74ece,minutesOnTask,63.93333333333333
5d29412ab711e9001ab74ece,averageAccuracy,0.883007978148369
5d2b883d35acf0001839021e,browser,Chrome
5d2b883d35acf0001839021e,age,27
5d2b883d35acf0001839021e,degree,High School
5d2b883d35acf0001839021e,sex,other
5d2b883d35acf0001839021e,visExperience,3
5d2b883d35acf0001839021e,minutesOnTask,43.483333333333334
5d2b883d35acf0001839021e,averageAccuracy,0.8974085974722035
5d2c040f6230200016a66251,browser,Firefox
5d2c040f6230200016a66251,age,31
5d2c040f6230200016a66251,degree,Bachelors
5d2c040f6230200016a66251,sex,Female
5d2c040f6230200016a66251,visExperience,1
5d2c040f6230200016a66251,minutesOnTask,31.333333333333332
5d2c040f6230200016a66251,averageAccuracy,0.8333333333333334
5d2cd2114e3b6600014f7b91,browser,Chrome
5d2cd2114e3b6600014f7b91,age,24
5d2cd2114e3b6600014f7b91,degree,High School
5d2cd2114e3b6600014f7b91,sex,Female
5d2cd2114e3b6600014f7b91,visExperience,3
5d2cd2114e3b6600014f7b91,minutesOnTask,34.71666666666667
5d2cd2114e3b6600014f7b91,averageAccuracy,0.5
5d2cd6efce04670001b0ea04,browser,Chrome
5d2cd6efce04670001b0ea04,age,19
5d2cd6efce04670001b0ea04,degree,High School
5d2cd6efce04670001b0ea04,sex,Male
5d2cd6efce04670001b0ea04,visExperience,3
5d2cd6efce04670001b0ea04,minutesOnTask,32.36666666666667
5d2cd6efce04670001b0ea04,averageAccuracy,0.9064289422377119
5d2e1c52c3651500159f0a69,browser,Chrome
5d2e1c52c3651500159f0a69,age,35
5d2e1c52c3651500159f0a69,degree,High School
5d2e1c52c3651500159f0a69,sex,Male
5d2e1c52c3651500159f0a69,visExperience,1
5d2e1c52c3651500159f0a69,minutesOnTask,42.416666666666664
5d2e1c52c3651500159f0a69,averageAccuracy,0.7833333333333333
5d3054cb85abbf001879ea15,browser,Chrome
5d3054cb85abbf001879ea15,age,18
5d3054cb85abbf001879ea15,degree,High School
5d3054cb85abbf001879ea15,sex,Male
5d3054cb85abbf001879ea15,visExperience,3
5d3054cb85abbf001879ea15,minutesOnTask,36.650000000000006
5d3054cb85abbf001879ea15,averageAccuracy,0.6983442862134142
5d30a875ad3457001743fbc9,browser,Chrome
5d30a875ad3457001743fbc9,age,47
5d30a875ad3457001743fbc9,degree,Masters
5d30a875ad3457001743fbc9,sex,Male
5d30a875ad3457001743fbc9,visExperience,4
5d30a875ad3457001743fbc9,minutesOnTask,32.15
5d30a875ad3457001743fbc9,averageAccuracy,0.8920695602472136
5d30f91328ec3400180201bd,browser,Chrome
5d30f91328ec3400180201bd,age,18
5d30f91328ec3400180201bd,degree,High School
5d30f91328ec3400180201bd,sex,Female
5d30f91328ec3400180201bd,visExperience,1
5d30f91328ec3400180201bd,minutesOnTask,28.666666666666668
5d30f91328ec3400180201bd,averageAccuracy,0.6666666666666666
5d3312e52fd5a40018e5894c,browser,Chrome
5d3312e52fd5a40018e5894c,age,26
5d3312e52fd5a40018e5894c,degree,Masters
5d3312e52fd5a40018e5894c,sex,Male
5d3312e52fd5a40018e5894c,visExperience,1
5d3312e52fd5a40018e5894c,minutesOnTask,62.08333333333334
5d3312e52fd5a40018e5894c,averageAccuracy,0.5666666666666667
5d338bb02381b7001761694e,browser,Chrome
5d338bb02381b7001761694e,age,48
5d338bb02381b7001761694e,degree,Masters
5d338bb02381b7001761694e,sex,Male
5d338bb02381b7001761694e,visExperience,3
5d338bb02381b7001761694e,minutesOnTask,37.4
5d338bb02381b7001761694e,averageAccuracy,0.6333333333333333
5d34f1a7f7b9c100155ae5b5,browser,Chrome
5d34f1a7f7b9c100155ae5b5,age,42
5d34f1a7f7b9c100155ae5b5,degree,Masters
5d34f1a7f7b9c100155ae5b5,sex,Male
5d34f1a7f7b9c100155ae5b5,visExperience,3
5d34f1a7f7b9c100155ae5b5,minutesOnTask,56.38333333333333
5d34f1a7f7b9c100155ae5b5,averageAccuracy,0.8333333333333334
5d3620886ce1b1000148a51d,browser,Firefox
5d3620886ce1b1000148a51d,age,28
5d3620886ce1b1000148a51d,degree,High School
5d3620886ce1b1000148a51d,sex,Female
5d3620886ce1b1000148a51d,visExperience,2
5d3620886ce1b1000148a51d,minutesOnTask,27.183333333333334
5d3620886ce1b1000148a51d,averageAccuracy,0.7
5d364d763b2ced001947f6e7,browser,Firefox
5d364d763b2ced001947f6e7,age,21
5d364d763b2ced001947f6e7,degree,High School
5d364d763b2ced001947f6e7,sex,Female
5d364d763b2ced001947f6e7,visExperience,2
5d364d763b2ced001947f6e7,minutesOnTask,62.516666666666666
5d364d763b2ced001947f6e7,averageAccuracy,0.7666666666666667
5d372df59749cc00015c2438,browser,Chrome
5d372df59749cc00015c2438,age,18
5d372df59749cc00015c2438,degree,High School
5d372df59749cc00015c2438,sex,Male
5d372df59749cc00015c2438,visExperience,4
5d372df59749cc00015c2438,minutesOnTask,51.63333333333333
5d372df59749cc00015c2438,averageAccuracy,0.9545188772831333
5d375cdbca3e5500183e36e4,browser,Chrome
5d375cdbca3e5500183e36e4,age,24
5d375cdbca3e5500183e36e4,degree,High School
5d375cdbca3e5500183e36e4,sex,Male
5d375cdbca3e5500183e36e4,visExperience,6
5d375cdbca3e5500183e36e4,minutesOnTask,36.300000000000004
5d375cdbca3e5500183e36e4,averageAccuracy,0.9333333333333333
5d379570d55420001c34720a,browser,Firefox
5d379570d55420001c34720a,age,21
5d379570d55420001c34720a,degree,High School
5d379570d55420001c34720a,sex,Male
5d379570d55420001c34720a,visExperience,2
5d379570d55420001c34720a,minutesOnTask,30.516666666666666
5d379570d55420001c34720a,averageAccuracy,0.43333333333333335
5d3954872d32e2001a8690e2,browser,Chrome
5d3954872d32e2001a8690e2,age,19
5d3954872d32e2001a8690e2,degree,High School
5d3954872d32e2001a8690e2,sex,Female
5d3954872d32e2001a8690e2,visExperience,2
5d3954872d32e2001a8690e2,minutesOnTask,39.18333333333333
5d3954872d32e2001a8690e2,averageAccuracy,0.5666666666666667
5d3f10e626d3fe0018148dcf,browser,Firefox
5d3f10e626d3fe0018148dcf,age,21
5d3f10e626d3fe0018148dcf,degree,High School
5d3f10e626d3fe0018148dcf,sex,Male
5d3f10e626d3fe0018148dcf,visExperience,5
5d3f10e626d3fe0018148dcf,minutesOnTask,69.93333333333334
5d3f10e626d3fe0018148dcf,averageAccuracy,0.7666666666666667
5d3f70a35a9deb001a5cc335,browser,Chrome
5d3f70a35a9deb001a5cc335,age,33
5d3f70a35a9deb001a5cc335,degree,Bachelors
5d3f70a35a9deb001a5cc335,sex,Male
5d3f70a35a9deb001a5cc335,visExperience,1
5d3f70a35a9deb001a5cc335,minutesOnTask,61.833333333333336
5d3f70a35a9deb001a5cc335,averageAccuracy,0.6
5d4038b04db54a0018feca44,browser,Chrome
5d4038b04db54a0018feca44,age,32
5d4038b04db54a0018feca44,degree,Masters
5d4038b04db54a0018feca44,sex,Male
5d4038b04db54a0018feca44,visExperience,3
5d4038b04db54a0018feca44,minutesOnTask,47.916666666666664
5d4038b04db54a0018feca44,averageAccuracy,0.85
5d40da980af3a7001a3ee980,browser,Chrome
5d40da980af3a7001a3ee980,age,30
5d40da980af3a7001a3ee980,degree,Bachelors
5d40da980af3a7001a3ee980,sex,Male
5d40da980af3a7001a3ee980,visExperience,1
5d40da980af3a7001a3ee980,minutesOnTask,37.18333333333334
5d40da980af3a7001a3ee980,averageAccuracy,0.6833333333333333
5d41b58ff4e71200166ba903,browser,Chrome
5d41b58ff4e71200166ba903,age,21
5d41b58ff4e71200166ba903,degree,Bachelors
5d41b58ff4e71200166ba903,sex,Male
5d41b58ff4e71200166ba903,visExperience,2
5d41b58ff4e71200166ba903,minutesOnTask,28.883333333333333
5d41b58ff4e71200166ba903,averageAccuracy,0.7333333333333333
5d4200720eddc0000173e988,browser,Chrome
5d4200720eddc0000173e988,age,22
5d4200720eddc0000173e988,degree,High School
5d4200720eddc0000173e988,sex,Male
5d4200720eddc0000173e988,visExperience,2
5d4200720eddc0000173e988,minutesOnTask,71.01666666666667
5d4200720eddc0000173e988,averageAccuracy,0.75
5d4218704b3f570001135f9a,browser,Chrome
5d4218704b3f570001135f9a,age,27
5d4218704b3f570001135f9a,degree,Masters
5d4218704b3f570001135f9a,sex,Female
5d4218704b3f570001135f9a,visExperience,4
5d4218704b3f570001135f9a,minutesOnTask,36.6
5d4218704b3f570001135f9a,averageAccuracy,0.9412632093415306
5d42c9ab4733ca0001ff2a24,browser,Chrome
5d42c9ab4733ca0001ff2a24,age,22
5d42c9ab4733ca0001ff2a24,degree,High School
5d42c9ab4733ca0001ff2a24,sex,Male
5d42c9ab4733ca0001ff2a24,visExperience,6
5d42c9ab4733ca0001ff2a24,minutesOnTask,31.316666666666666
5d42c9ab4733ca0001ff2a24,averageAccuracy,0.8666666666666667
5d432a9dfc19f8001a2964e7,browser,Chrome
5d432a9dfc19f8001a2964e7,age,22
5d432a9dfc19f8001a2964e7,degree,High School
5d432a9dfc19f8001a2964e7,sex,other
5d432a9dfc19f8001a2964e7,visExperience,5
5d432a9dfc19f8001a2964e7,minutesOnTask,22.75
5d432a9dfc19f8001a2964e7,averageAccuracy,0.7
5d444ca5bd37550017e01cf0,browser,Chrome
5d444ca5bd37550017e01cf0,age,25
5d444ca5bd37550017e01cf0,degree,High School
5d444ca5bd37550017e01cf0,sex,Male
5d444ca5bd37550017e01cf0,visExperience,4
5d444ca5bd37550017e01cf0,minutesOnTask,51.96666666666667
5d444ca5bd37550017e01cf0,averageAccuracy,0.8166550407172151
5d44d856c225f700019da018,browser,Chrome
5d44d856c225f700019da018,age,29
5d44d856c225f700019da018,degree,Other
5d44d856c225f700019da018,sex,Male
5d44d856c225f700019da018,visExperience,3
5d44d856c225f700019da018,minutesOnTask,33.43333333333333
5d44d856c225f700019da018,averageAccuracy,0.8333333333333334
5d45cc77da9cb60001aa4711,browser,Chrome
5d45cc77da9cb60001aa4711,age,18
5d45cc77da9cb60001aa4711,degree,High School
5d45cc77da9cb60001aa4711,sex,Male
5d45cc77da9cb60001aa4711,visExperience,2
5d45cc77da9cb60001aa4711,minutesOnTask,25.933333333333334
5d45cc77da9cb60001aa4711,averageAccuracy,0.75
5d4602322f66d0001a1208c7,browser,Chrome
5d4602322f66d0001a1208c7,age,31
5d4602322f66d0001a1208c7,degree,Masters
5d4602322f66d0001a1208c7,sex,Male
5d4602322f66d0001a1208c7,visExperience,5
5d4602322f66d0001a1208c7,minutesOnTask,48.38333333333333
5d4602322f66d0001a1208c7,averageAccuracy,0.8666666666666667
5d4613a2da9cb60001aa4948,browser,Firefox
5d4613a2da9cb60001aa4948,age,34
5d4613a2da9cb60001aa4948,degree,Other
5d4613a2da9cb60001aa4948,sex,Female
5d4613a2da9cb60001aa4948,visExperience,3
5d4613a2da9cb60001aa4948,minutesOnTask,37.2
5d4613a2da9cb60001aa4948,averageAccuracy,0.8333333333333334
5d4737fb2b5dce0001f3ccf3,browser,Chrome
5d4737fb2b5dce0001f3ccf3,age,32
5d4737fb2b5dce0001f3ccf3,degree,Other
5d4737fb2b5dce0001f3ccf3,sex,Female
5d4737fb2b5dce0001f3ccf3,visExperience,4
5d4737fb2b5dce0001f3ccf3,minutesOnTask,17.233333333333334
5d4737fb2b5dce0001f3ccf3,averageAccuracy,0.7666666666666667
5d48e3a6e73664001a009852,browser,Chrome
5d48e3a6e73664001a009852,age,26
5d48e3a6e73664001a009852,degree,High School
5d48e3a6e73664001a009852,sex,Male
5d48e3a6e73664001a009852,visExperience,4
5d48e3a6e73664001a009852,minutesOnTask,50.516666666666666
5d48e3a6e73664001a009852,averageAccuracy,0.9499735108150099
5d49e0634aff6e0018fb7004,browser,Chrome
5d49e0634aff6e0018fb7004,age,27
5d49e0634aff6e0018fb7004,degree,Masters
5d49e0634aff6e0018fb7004,sex,Male
5d49e0634aff6e0018fb7004,visExperience,3
5d49e0634aff6e0018fb7004,minutesOnTask,38.91666666666667
5d49e0634aff6e0018fb7004,averageAccuracy,0.8194944094932992
5d49e8d85e7f490018a17ea8,browser,Firefox
5d49e8d85e7f490018a17ea8,age,40
5d49e8d85e7f490018a17ea8,degree,Other
5d49e8d85e7f490018a17ea8,sex,Male
5d49e8d85e7f490018a17ea8,visExperience,4
5d49e8d85e7f490018a17ea8,minutesOnTask,30.683333333333334
5d49e8d85e7f490018a17ea8,averageAccuracy,0.5666666666666667
5d4a3ec36952cd0001361bbd,browser,Chrome
5d4a3ec36952cd0001361bbd,age,22
5d4a3ec36952cd0001361bbd,degree,Bachelors
5d4a3ec36952cd0001361bbd,sex,Male
5d4a3ec36952cd0001361bbd,visExperience,5
5d4a3ec36952cd0001361bbd,minutesOnTask,28.85
5d4a3ec36952cd0001361bbd,averageAccuracy,0.8333171070642442
5d4a6459061e2a000138bad3,browser,Chrome
5d4a6459061e2a000138bad3,age,42
5d4a6459061e2a000138bad3,degree,Bachelors
5d4a6459061e2a000138bad3,sex,Male
5d4a6459061e2a000138bad3,visExperience,6
5d4a6459061e2a000138bad3,minutesOnTask,49.15
5d4a6459061e2a000138bad3,averageAccuracy,0.6
5d4d97e3e77b5400196b1920,browser,Chrome
5d4d97e3e77b5400196b1920,age,30
5d4d97e3e77b5400196b1920,degree,Bachelors
5d4d97e3e77b5400196b1920,sex,Male
5d4d97e3e77b5400196b1920,visExperience,5
5d4d97e3e77b5400196b1920,minutesOnTask,25.883333333333333
5d4d97e3e77b5400196b1920,averageAccuracy,0.8666666666666667
5d4dc127a370c600156b255b,browser,Firefox
5d4dc127a370c600156b255b,age,21
5d4dc127a370c600156b255b,degree,Bachelors
5d4dc127a370c600156b255b,sex,Male
5d4dc127a370c600156b255b,visExperience,4
5d4dc127a370c600156b255b,minutesOnTask,32.483333333333334
5d4dc127a370c600156b255b,averageAccuracy,0.7666666666666667
5d4de42d6b5daa0001cd774c,browser,Chrome
5d4de42d6b5daa0001cd774c,age,45
5d4de42d6b5daa0001cd774c,degree,PhD
5d4de42d6b5daa0001cd774c,sex,Male
5d4de42d6b5daa0001cd774c,visExperience,7
5d4de42d6b5daa0001cd774c,minutesOnTask,46.233333333333334
5d4de42d6b5daa0001cd774c,averageAccuracy,0.9492882217468075
5d4de607e349a4001629b1f0,browser,Chrome
5d4de607e349a4001629b1f0,age,28
5d4de607e349a4001629b1f0,degree,Other
5d4de607e349a4001629b1f0,sex,Female
5d4de607e349a4001629b1f0,visExperience,6
5d4de607e349a4001629b1f0,minutesOnTask,47.4
5d4de607e349a4001629b1f0,averageAccuracy,0.7666666666666667
5d4df974e05111001a23e194,browser,Chrome
5d4df974e05111001a23e194,age,19
5d4df974e05111001a23e194,degree,High School
5d4df974e05111001a23e194,sex,Male
5d4df974e05111001a23e194,visExperience,6
5d4df974e05111001a23e194,minutesOnTask,32.483333333333334
5d4df974e05111001a23e194,averageAccuracy,0.8666666666666667
5d50ef16ae079c0019f557d4,browser,Firefox
5d50ef16ae079c0019f557d4,age,37
5d50ef16ae079c0019f557d4,degree,Bachelors
5d50ef16ae079c0019f557d4,sex,Female
5d50ef16ae079c0019f557d4,visExperience,2
5d50ef16ae079c0019f557d4,minutesOnTask,76.61666666666667
5d50ef16ae079c0019f557d4,averageAccuracy,0.5333333333333333
5d51b693309597001750f6c8,browser,Firefox
5d51b693309597001750f6c8,age,38
5d51b693309597001750f6c8,degree,Bachelors
5d51b693309597001750f6c8,sex,Female
5d51b693309597001750f6c8,visExperience,6
5d51b693309597001750f6c8,minutesOnTask,43.9
5d51b693309597001750f6c8,averageAccuracy,0.8
5d51bea1502703001757a974,browser,Chrome
5d51bea1502703001757a974,age,20
5d51bea1502703001757a974,degree,Bachelors
5d51bea1502703001757a974,sex,Male
5d51bea1502703001757a974,visExperience,7
5d51bea1502703001757a974,minutesOnTask,30.28333333333333
5d51bea1502703001757a974,averageAccuracy,0.7
5d51c60668104d0018f6184c,browser,Firefox
5d51c60668104d0018f6184c,age,39
5d51c60668104d0018f6184c,degree,Bachelors
5d51c60668104d0018f6184c,sex,Female
5d51c60668104d0018f6184c,visExperience,2
5d51c60668104d0018f6184c,minutesOnTask,31.75
5d51c60668104d0018f6184c,averageAccuracy,0.9333333333333333
5d52fb264013df00150463ef,browser,Chrome
5d52fb264013df00150463ef,age,24
5d52fb264013df00150463ef,degree,Bachelors
5d52fb264013df00150463ef,sex,Male
5d52fb264013df00150463ef,visExperience,5
5d52fb264013df00150463ef,minutesOnTask,48.6
5d52fb264013df00150463ef,averageAccuracy,0.43333333333333335
5d5336a8d103e90017c68fdc,browser,Chrome
5d5336a8d103e90017c68fdc,age,37
5d5336a8d103e90017c68fdc,degree,Masters
5d5336a8d103e90017c68fdc,sex,Female
5d5336a8d103e90017c68fdc,visExperience,5
5d5336a8d103e90017c68fdc,minutesOnTask,47.083333333333336
5d5336a8d103e90017c68fdc,averageAccuracy,0.9333333333333333
5d542b4c3e92110001eda194,browser,Firefox
5d542b4c3e92110001eda194,age,26
5d542b4c3e92110001eda194,degree,Bachelors
5d542b4c3e92110001eda194,sex,other
5d542b4c3e92110001eda194,visExperience,5
5d542b4c3e92110001eda194,minutesOnTask,31.783333333333335
5d542b4c3e92110001eda194,averageAccuracy,0.8333333333333334
5d54aaa468ec7c001a682d80,browser,Chrome
5d54aaa468ec7c001a682d80,age,18
5d54aaa468ec7c001a682d80,degree,High School
5d54aaa468ec7c001a682d80,sex,Male
5d54aaa468ec7c001a682d80,visExperience,2
5d54aaa468ec7c001a682d80,minutesOnTask,29.766666666666666
5d54aaa468ec7c001a682d80,averageAccuracy,0.8833333333333333
5d54d0b14a1521001850610a,browser,Firefox
5d54d0b14a1521001850610a,age,42
5d54d0b14a1521001850610a,degree,Masters
5d54d0b14a1521001850610a,sex,Male
5d54d0b14a1521001850610a,visExperience,2
5d54d0b14a1521001850610a,minutesOnTask,53.166666666666664
5d54d0b14a1521001850610a,averageAccuracy,0.4552988906379843
5d55b7ef6a0f930017202336,browser,Chrome
5d55b7ef6a0f930017202336,age,31
5d55b7ef6a0f930017202336,degree,Bachelors
5d55b7ef6a0f930017202336,sex,Female
5d55b7ef6a0f930017202336,visExperience,2
5d55b7ef6a0f930017202336,minutesOnTask,34.13333333333333
5d55b7ef6a0f930017202336,averageAccuracy,0.6666666666666666
5d55c3010e1d240019ebb545,browser,Chrome
5d55c3010e1d240019ebb545,age,36
5d55c3010e1d240019ebb545,degree,Masters
5d55c3010e1d240019ebb545,sex,Male
5d55c3010e1d240019ebb545,visExperience,7
5d55c3010e1d240019ebb545,minutesOnTask,34.45
5d55c3010e1d240019ebb545,averageAccuracy,0.8
5d58559698cf220001ec55f8,browser,Chrome
5d58559698cf220001ec55f8,age,21
5d58559698cf220001ec55f8,degree,High School
5d58559698cf220001ec55f8,sex,Male
5d58559698cf220001ec55f8,visExperience,3
5d58559698cf220001ec55f8,minutesOnTask,29.833333333333332
5d58559698cf220001ec55f8,averageAccuracy,0.8477809796710402
5d58976b10ce3800155c7037,browser,Chrome
5d58976b10ce3800155c7037,age,18
5d58976b10ce3800155c7037,degree,High School
5d58976b10ce3800155c7037,sex,Male
5d58976b10ce3800155c7037,visExperience,1
5d58976b10ce3800155c7037,minutesOnTask,31.35
5d58976b10ce3800155c7037,averageAccuracy,0.6
5d594f70cf514a00167872d0,browser,Chrome
5d594f70cf514a00167872d0,age,22
5d594f70cf514a00167872d0,degree,High School
5d594f70cf514a00167872d0,sex,Male
5d594f70cf514a00167872d0,visExperience,5
5d594f70cf514a00167872d0,minutesOnTask,29.716666666666665
5d594f70cf514a00167872d0,averageAccuracy,0.8832988175345967
5d59d01b687f9400017e19a4,browser,Chrome
5d59d01b687f9400017e19a4,age,39
5d59d01b687f9400017e19a4,degree,Bachelors
5d59d01b687f9400017e19a4,sex,Female
5d59d01b687f9400017e19a4,visExperience,5
5d59d01b687f9400017e19a4,minutesOnTask,26.3
5d59d01b687f9400017e19a4,averageAccuracy,0.7666666666666667
5d5ae6e4d5610d0001d9c24d,browser,Chrome
5d5ae6e4d5610d0001d9c24d,age,0
5d5ae6e4d5610d0001d9c24d,degree,High School
5d5ae6e4d5610d0001d9c24d,sex,Female
5d5ae6e4d5610d0001d9c24d,visExperience,1
5d5ae6e4d5610d0001d9c24d,minutesOnTask,35.96666666666667
5d5ae6e4d5610d0001d9c24d,averageAccuracy,0.8333333333333334
5d5c89db993ad300014b3954,browser,Chrome
5d5c89db993ad300014b3954,age,22
5d5c89db993ad300014b3954,degree,Bachelors
5d5c89db993ad300014b3954,sex,Male
5d5c89db993ad300014b3954,visExperience,3
5d5c89db993ad300014b3954,minutesOnTask,29.083333333333332
5d5c89db993ad300014b3954,averageAccuracy,0.8666666666666667
5d5f4dd69a68fc0019949f43,browser,Chrome
5d5f4dd69a68fc0019949f43,age,23
5d5f4dd69a68fc0019949f43,degree,Unspecified
5d5f4dd69a68fc0019949f43,sex,Female
5d5f4dd69a68fc0019949f43,visExperience,6
5d5f4dd69a68fc0019949f43,minutesOnTask,31.93333333333333
5d5f4dd69a68fc0019949f43,averageAccuracy,0.8833333333333333
5d5fc2010740150018a0291e,browser,Chrome
5d5fc2010740150018a0291e,age,21
5d5fc2010740150018a0291e,degree,High School
5d5fc2010740150018a0291e,sex,Male
5d5fc2010740150018a0291e,visExperience,5
5d5fc2010740150018a0291e,minutesOnTask,38.26666666666667
5d5fc2010740150018a0291e,averageAccuracy,0.7833333333333333
5d6074817bb40600189ce747,browser,Chrome
5d6074817bb40600189ce747,age,29
5d6074817bb40600189ce747,degree,Other
5d6074817bb40600189ce747,sex,Male
5d6074817bb40600189ce747,visExperience,3
5d6074817bb40600189ce747,minutesOnTask,23.166666666666668
5d6074817bb40600189ce747,averageAccuracy,0.5333333333333333
5d616bd447787f000175cd9e,browser,Firefox
5d616bd447787f000175cd9e,age,35
5d616bd447787f000175cd9e,degree,Bachelors
5d616bd447787f000175cd9e,sex,Male
5d616bd447787f000175cd9e,visExperience,2
5d616bd447787f000175cd9e,minutesOnTask,92.9
5d616bd447787f000175cd9e,averageAccuracy,0.9333333333333333
5d61b5731a749d00011fcef2,browser,Chrome
5d61b5731a749d00011fcef2,age,40
5d61b5731a749d00011fcef2,degree,Bachelors
5d61b5731a749d00011fcef2,sex,Male
5d61b5731a749d00011fcef2,visExperience,3
5d61b5731a749d00011fcef2,minutesOnTask,38.35
5d61b5731a749d00011fcef2,averageAccuracy,0.65
5d61cb60d9ea5c0019875954,browser,Chrome
5d61cb60d9ea5c0019875954,age,24
5d61cb60d9ea5c0019875954,degree,High School
5d61cb60d9ea5c0019875954,sex,Female
5d61cb60d9ea5c0019875954,visExperience,2
5d61cb60d9ea5c0019875954,minutesOnTask,27.716666666666665
5d61cb60d9ea5c0019875954,averageAccuracy,0.7458280852110077
5d62f796d9ea5c000187584a,browser,Chrome
5d62f796d9ea5c000187584a,age,22
5d62f796d9ea5c000187584a,degree,Other
5d62f796d9ea5c000187584a,sex,Male
5d62f796d9ea5c000187584a,visExperience,6
5d62f796d9ea5c000187584a,minutesOnTask,41.78333333333333
5d62f796d9ea5c000187584a,averageAccuracy,0.9
5d631b7627a84f00150fb1db,browser,Chrome
5d631b7627a84f00150fb1db,age,18
5d631b7627a84f00150fb1db,degree,High School
5d631b7627a84f00150fb1db,sex,Male
5d631b7627a84f00150fb1db,visExperience,3
5d631b7627a84f00150fb1db,minutesOnTask,62.75
5d631b7627a84f00150fb1db,averageAccuracy,0.6666666666666666
5d6338b1a4fb0700019e363d,browser,Chrome
5d6338b1a4fb0700019e363d,age,22
5d6338b1a4fb0700019e363d,degree,High School
5d6338b1a4fb0700019e363d,sex,Male
5d6338b1a4fb0700019e363d,visExperience,2
5d6338b1a4fb0700019e363d,minutesOnTask,33.8
5d6338b1a4fb0700019e363d,averageAccuracy,0.8333333333333334
5d63f9cd26a2ac001758c70d,browser,Firefox
5d63f9cd26a2ac001758c70d,age,31
5d63f9cd26a2ac001758c70d,degree,High School
5d63f9cd26a2ac001758c70d,sex,Male
5d63f9cd26a2ac001758c70d,visExperience,5
5d63f9cd26a2ac001758c70d,minutesOnTask,23.466666666666665
5d63f9cd26a2ac001758c70d,averageAccuracy,0.5333333333333333
5d64759fedf23500018f9334,browser,Chrome
5d64759fedf23500018f9334,age,49
5d64759fedf23500018f9334,degree,Masters
5d64759fedf23500018f9334,sex,Female
5d64759fedf23500018f9334,visExperience,1
5d64759fedf23500018f9334,minutesOnTask,30.85
5d64759fedf23500018f9334,averageAccuracy,0.8666666666666667
